profile,predictor,primary_beta,primary_p,primary_FDR_p,primary_OR,beta_drop_ATT,beta_drop_CON,beta_drop_COVID,beta_drop_PEU,beta_drop_PO,beta_drop_PRI,beta_drop_PU,beta_drop_SNO,p_FDR_drop_ATT,p_FDR_drop_CON,p_FDR_drop_COVID,p_FDR_drop_PEU,p_FDR_drop_PO,p_FDR_drop_PRI,p_FDR_drop_PU,p_FDR_drop_SNO,std_beta,std_FDR_p,n_FDR_sig_dropouts_of_total,fdr_sig_in_drop_ATT,fdr_sig_in_drop_CON,fdr_sig_in_drop_COVID,fdr_sig_in_drop_PEU,fdr_sig_in_drop_PO,fdr_sig_in_drop_PRI,fdr_sig_in_drop_PU,fdr_sig_in_drop_SNO,fdr_sig_in_standardized,primary_significant_FDR
1,ATT,-0.6833537973842967,0.006247386639037661,0.0270720087691632,0.5049207476422521,,-0.6876166419613741,-0.7127098544266085,-0.7037494252683262,-0.7061763133495795,-0.893764732806645,-0.5981005195081915,-0.802179246711688,,0.01897597511601322,0.016355515877554166,0.02140368981207152,0.017702799571754448,0.0016060337405232853,0.061836436698250695,0.005153786662462454,-0.5341539565151613,0.027179298274925448,6,False,True,True,True,True,True,False,True,True,True
1,CON,-0.12107099572702976,0.6591087603615178,0.8050278941103561,0.8859710572006682,-0.31815513072438345,,-0.1873171924478037,-0.13641745958814364,-0.10702294625135972,-0.24123313793411555,-0.3165597809231431,-0.3563426434468188,0.4171049468926002,,0.6651221532325841,0.8117553271810622,0.8338447200128153,0.5697451269930724,0.41679552843281986,0.340875849627426,-0.09393146074709141,0.8044798370374663,0,False,False,False,False,False,False,False,False,False,False
1,SNO,-1.6368618813045406,1.0217731897748424e-08,1.3283051467072952e-07,0.19458973082530484,-1.7059748396598353,-1.672957825015112,-1.7935201430937846,-1.6497638482165289,-1.6753784865516566,-1.7040574652248428,-1.6251991446527514,,2.0840143351203143e-08,3.070587461532547e-08,7.964712865784459e-10,6.991935493208472e-08,3.9959405484985205e-08,1.4467789315436697e-08,4.673032165923036e-08,,-1.3713496951798514,1.3060045434512445e-07,7,True,True,True,True,True,True,True,False,True,True
1,COVID,-0.4938610534050505,0.08424887074512205,0.2233907954907598,0.6102655715231895,-0.5456864329491952,-0.5043701531022228,,-0.5064495755171358,-0.5014960224797121,-0.5042489164850387,-0.7828957393945423,-1.050094422517751,0.17486412029568804,0.19923925018308952,,0.21541392603502946,0.20042540867587405,0.20856213674892166,0.02320707181341578,0.000457898158642056,-0.3803205367718336,0.223293452715059,2,False,False,False,False,False,False,True,True,False,False
1,PU,-1.5660729323873035,2.310731826360014e-07,1.802370824560811e-06,0.2088637961784997,-1.5406774039101987,-1.6014835554741857,-1.6693026824484518,-1.6286251301324934,-1.5898556373085606,-1.7909160786417173,,-1.5626774956761826,2.5065423378816755e-06,6.847628411047086e-07,1.3404931667302117e-07,4.1008241222254387e-07,6.434311575923506e-07,1.6152683798077097e-08,,1.0576679144802092e-06,-1.1740505966602295,1.7984776102461259e-06,7,True,True,True,True,True,True,False,True,True,True
1,PEU,-0.6286463043806364,0.002281297595431378,0.011121325777727968,0.5333132564001601,-0.6516893442259346,-0.6285205938760278,-0.6416390236588896,,-0.6597774450129836,-0.6945740822744821,-0.6679287752120011,-0.6380122476890393,0.006741888720212815,0.010611127687733958,0.007780324605204333,,0.004445603018042299,0.003539510473343969,0.004782084919698083,0.007273126430328549,-0.5614242995236143,0.011016417045050584,7,True,True,True,False,True,True,True,True,True,True
1,PO,-0.1236255623628796,0.58166894173283,0.7561696242526791,0.883710673477273,-0.20095252121080381,-0.13749528544427003,-0.15596073301889643,-0.2869379239727843,,-0.2505805209660965,-0.34874786671771196,-0.31324425111010606,0.5829520433956301,0.743915629588854,0.6651221532325841,0.3901330542226563,,0.46646002734416403,0.244792224471001,0.2991820936632152,-0.11100949844725366,0.7562594990335011,0,False,False,False,False,False,False,False,False,False,False
1,PRI,-2.17404702443802,2.352577282998829e-14,1.8350102807390866e-12,0.1137164710685727,-2.248473543801908,-2.195997496979022,-2.1761468729833258,-2.1982394058604204,-2.175262197128473,,-2.294010275198289,-2.2068340611718935,6.717906875059373e-14,7.516780967949632e-13,1.513356848665149e-12,4.472126239336006e-13,1.421901023889457e-12,,8.44708461103879e-15,1.014481175068787e-13,-1.5522475815772871,1.863659337633454e-12,7,True,True,True,True,True,False,True,True,True,True
1,age,-0.01551429483366747,0.5118251795764686,0.7258611637629918,0.9846054318802574,-0.015138087532639864,-0.01405599204751359,-0.0188516444004996,-0.016636303742584676,-0.014751887991365037,-0.015359541097249779,-0.007096370509970943,-0.021737781304859222,0.7295722935347206,0.7494915602660297,0.6402538057147654,0.6895191377776244,0.7114277713013872,0.6646395732102398,0.9019488061991414,0.5628373340188273,-0.12335800529892704,0.7266651831965816,0,False,False,False,False,False,False,False,False,False,False
1,gender,-0.419318846499988,0.1509181162213459,0.3473090335282214,0.657494522015696,-0.5015849863614471,-0.4350982503269781,-0.3913940573613517,-0.34389781745643905,-0.40912743453528905,-0.46167398564997597,-0.4536592439882392,-0.2455765600129716,0.23163192602599694,0.2959614114478676,0.34702448232857425,0.4681594126417128,0.3384065547866534,0.28188652758088617,0.244792224471001,0.5926791206394592,-0.42019301878162135,0.34453391265333144,0,False,False,False,False,False,False,False,False,False,False
1,Education,-0.32690617697184093,0.09754163224320757,0.24542733274097386,0.7211514004607971,-0.35401628111600025,-0.3095476117262185,-0.32001563699657365,-0.27167178994161806,-0.30713027277157656,-0.2954766919252252,-0.3464244367033517,-0.42350473601927924,0.20547216789221762,0.27239565012599104,0.24983594376360121,0.38598360175839247,0.28074391411471317,0.29975388845546636,0.1837694547609721,0.08139817918732954,-0.23746948516025526,0.2453752579647272,0,False,False,False,False,False,False,False,False,False,False
1,Occupation,-0.10461466370558815,0.1956077814277023,0.3814351737840195,0.9006715171520736,-0.093448104369028,-0.10400761502345046,-0.1004183477284602,-0.09224089386860924,-0.10539817248387547,-0.09335567492018393,-0.11945034628095848,-0.08357456788174586,0.4316442945702676,0.3833202930866796,0.39412803197900215,0.47830713067445463,0.3592676999660768,0.46646002734416403,0.27983993101465293,0.5076725052212945,-0.21817383161062937,0.38053201495295697,0,False,False,False,False,False,False,False,False,False,False
1,income,0.004695377636372498,0.9769237844743444,0.9905612395197669,1.0047064181950474,0.007673167391522505,0.0010355965328726659,0.015897065248024353,0.0008466893334480631,0.006951554781712498,0.0701555924965178,0.0513702595128528,-0.09754498771836363,0.9756683488284519,0.9949038653989503,0.9717844952632279,0.9958235406443998,0.9933756944702243,0.7969492789615646,0.9019488061991414,0.7581051305939418,0.004112399464736632,0.9901820138436779,0,False,False,False,False,False,False,False,False,False,False
2,ATT,0.042865828623186976,0.8687089159092679,0.9679899348703271,1.0437978376619963,,0.025860794713805136,0.02980871622119507,0.04357149216715617,0.05589766868512614,-0.013851267033432861,0.06912643885730495,0.0726607507652381,,0.9780632577146036,0.9717844952632279,0.9831147357144747,0.931718660508047,0.9749739351937794,0.9019488061991414,0.8441406074833219,0.03379332475285517,0.9668043545825402,0,False,False,False,False,False,False,False,False,False,False
2,CON,-0.01379528068591627,0.9616683852357453,0.9905612395197669,0.986299438140826,0.024713728089588723,,-0.023119857621773834,0.008130262986765686,-0.006195568242481322,0.12162594340971429,-0.0779218225979145,0.07055072857951633,0.9479800610146055,,0.9717844952632279,0.9911861008023212,0.9965781634860591,0.7969492789615646,0.9019488061991414,0.8441406074833219,-0.01074057246347691,0.9901820138436779,0,False,False,False,False,False,False,False,False,False,False
2,SNO,0.7560072571955065,0.027584452050173826,0.08964946916306493,2.129755655036192,0.7575439298908316,0.7508030151025351,0.7377318586611914,0.8230753588176148,0.7815974396160226,1.003643839529117,0.7710930736588799,,0.09112352940847923,0.08625728132896633,0.07490832035969928,0.060014598060225945,0.07032155677782558,0.010214659190726871,0.09236626858206172,,0.6327420035864573,0.08984714845174402,1,False,False,False,False,False,True,False,False,False,False
2,COVID,-0.0700775476998692,0.8180133416270675,0.9383094212781069,0.9323215177133128,-0.054497803485012576,-0.07209912904957065,,-0.054307867813706175,-0.07183828517955024,-0.01401993950626819,0.24346633908660267,0.1209629036857048,0.9479800610146055,0.9260651181923674,,0.9831147357144747,0.931718660508047,0.9749739351937794,0.601653316029937,0.8143036020572091,-0.05406037705473406,0.9379968538867575,0,False,False,False,False,False,False,False,False,False,False
2,PU,1.796112011023175,4.854455878908146e-08,4.512163840079769e-07,6.026172167178008,1.7993185163817484,1.817479391454831,1.7782483565454612,1.8118405972732248,1.8221707354048395,2.0016769569046766,,1.7918123885011794,3.465150110020147e-07,3.128717843581698e-07,2.518541089071788e-07,1.9020252056537613e-07,1.9025574998699667e-07,3.832135982114246e-09,,5.566939098317026e-07,1.3461572567415312,4.4080994825349945e-07,7,True,True,True,True,True,True,False,True,True,True
2,PEU,0.115792945244833,0.5451060431052063,0.7459345853018612,1.1227633745685903,0.11587928997924837,0.10858524558483451,0.11227505409688752,,0.1271936230310359,0.10003217650218096,0.2752798093667868,0.19384176168488879,0.7375567400472287,0.7565513387360846,0.7288175465543302,,0.6963037604572929,0.7439260911388104,0.29244476295283095,0.520284794316925,0.10329305542332191,0.7460050337666566,0,False,False,False,False,False,False,False,False,False,False
2,PO,0.09668806886507356,0.6584312364914541,0.8050278941103561,1.1015167226646394,0.10285630739146195,0.09756107447669235,0.09207773922011246,0.10803239208155171,,0.20322802065869755,0.3378608656669831,0.16201603207598414,0.8036313481425047,0.798434171559928,0.8075016178363087,0.8117553271810622,,0.5695500541394546,0.244792224471001,0.653717296735839,0.0868377622328031,0.8044798370374663,0,False,False,False,False,False,False,False,False,False,False
2,PRI,2.005367174066611,1.5941980553962405e-09,2.486948966418135e-08,7.428821066495295,1.996971598843805,2.0086307994349806,2.0017631021096713,1.995946075797001,2.0167236727674016,,2.206499730379934,2.146224656451528,2.0840143351203143e-08,2.3300288661541503e-08,1.679995951114446e-08,2.5059983310988142e-08,2.2105494435999417e-08,,1.8990444184666615e-10,3.7004872552213715e-09,1.4320647522860304,2.4861207301909737e-08,7,True,True,True,True,True,False,True,True,True,True
2,age,0.01348562823268286,0.45588019213669984,0.6709180186162753,1.0135769694531667,0.013338359202841932,0.01290308283587728,0.013822665089942154,0.0147285182306635,0.01307488342085491,0.01692894334006992,0.017196117449207574,0.01633666538665514,0.6778168546622956,0.6829423217471166,0.6529060853253794,0.6288531827080642,0.6602060447711711,0.5646769296294953,0.5172668029249531,0.5750891802567917,0.1074401788166258,0.6704568436876668,0,False,False,False,False,False,False,False,False,False,False
2,gender,-0.29108479881477606,0.2983582679751311,0.5171543311568939,0.7474522922621251,-0.27894820109947854,-0.2957336662858351,-0.28834384496996945,-0.30850666818298766,-0.29641350003044986,-0.07737482483657769,-0.16655614522924458,-0.3602453909594365,0.5231491974328637,0.48736591889962716,0.525235979179507,0.4915872052128932,0.48406595834294974,0.9006542450487265,0.700970181676552,0.3734678546802983,-0.2919219262102115,0.5147412893727994,0,False,False,False,False,False,False,False,False,False,False
2,Education,-0.08989058633120933,0.6435727165662517,0.8050278941103561,0.9140311873059259,-0.08176152156835684,-0.09167949048961933,-0.08695963978540723,-0.08762132308381988,-0.09479787290643794,-0.16198642454478482,-0.12099111883995686,-0.06717730777731665,0.8207089722699986,0.798434171559928,0.7978991579114955,0.8290395869971319,0.7822348983187671,0.5697451269930724,0.700970181676552,0.819268888610634,-0.0653465419016756,0.8044798370374663,0,False,False,False,False,False,False,False,False,False,False
2,Occupation,0.031140222270978398,0.6807198099327031,0.8168637719192436,1.0316301512675141,0.030364593473906375,0.03253980023868932,0.02847367396207878,0.024259108618564423,0.03506046116689738,0.00355389483896153,-0.01206492959881946,0.04341920493724478,0.8253607972445717,0.8009446836179992,0.8318702774389665,0.9126228471422078,0.7822348983187671,0.9749739351937794,0.9019488061991414,0.7669932115635771,0.06483725403723069,0.8170480456251873,0,False,False,False,False,False,False,False,False,False,False
2,income,-0.01810894547183684,0.9111073225003226,0.9905612395197669,0.9820540361896906,-0.017965674419960033,-0.020464610305327282,-0.014975036622285285,-0.0213509925082204,-0.018483403695748538,-0.029597778320850598,0.021425288965874978,0.02629315111621959,0.9479800610146055,0.9780632577146036,0.9717844952632279,0.9831147357144747,0.9933756944702243,0.9202881156455943,0.9019488061991414,0.893704994108043,-0.015564307786780324,0.9901820138436779,0,False,False,False,False,False,False,False,False,False,False
3,ATT,-0.4382146378236687,0.015314201375431019,0.05193511770798345,0.6451872863995256,,-0.37048860204767736,-0.4567514203645501,-0.45456057486345514,-0.4177467939211449,-0.461038720801581,-0.38058870357697205,-0.5029665740688114,,0.09396554231014927,0.034919583175867686,0.04668056519622801,0.06750025081367685,0.03611488805592099,0.10252025359047112,0.017114025839457328,-0.34257563328248014,0.05204527619533215,4,False,False,True,True,False,True,False,True,False,False
3,CON,0.24658515730839506,0.20543374594932307,0.38302620241359575,1.2796481499700234,0.10470301308026674,,0.20884931181258354,0.22047235445896185,0.25584292597110664,0.20741519429563457,0.12382130662726029,0.09175536179764408,0.7657409725540034,,0.4996614505882377,0.47830713067445463,0.3592676999660768,0.5075601941788183,0.700970181676552,0.7896637837080721,0.1920677942425636,0.38392477879779285,0,False,False,False,False,False,False,False,False,False,False
3,SNO,-1.1238943823389307,5.206342892399733e-08,4.512163840079769e-07,0.3250116073591506,-1.1663937046597843,-1.084713868120276,-1.2143889755542536,-1.1549564543669955,-1.0964924931445703,-1.1432619194327442,-1.0917923712260595,,1.4031703926649807e-07,7.074284276171015e-07,7.463255148926826e-09,1.2782262885429662e-07,5.531518277444145e-07,1.3931692419555901e-07,5.484687239937987e-07,,-0.9418162137257924,4.4080994825349945e-07,7,True,True,True,True,True,True,True,False,True,True
3,COVID,-0.2746749561102607,0.17556588804667106,0.37011187209838764,0.7598190576325251,-0.3146577176178298,-0.23469520426610602,,-0.28071851718363056,-0.26228616511896274,-0.2844762899304208,-0.4004270605220371,-0.6326946507545336,0.2865472103525593,0.4197015112507588,,0.38598360175839247,0.3592676999660768,0.347298316906438,0.13187717039011831,0.0042495945296260945,-0.21131009168078757,0.3706384998947301,1,False,False,False,False,False,False,False,True,False,False
3,PU,-0.9874562656496123,2.3750358317284964e-06,1.6841163170438427e-05,0.37252308659395356,-0.967039877435665,-0.9552726234637667,-1.0219672859903923,-1.0352087732912658,-0.9503673024325533,-1.1220931793723574,,-0.9647099984204994,2.2980902001849338e-05,2.4825741468399696e-05,5.2702026071964394e-06,3.3748012757987935e-06,2.3232655398308636e-05,2.7599064910216556e-07,,2.265831645313776e-05,-0.7402484746148089,1.6808154624579114e-05,7,True,True,True,True,True,True,False,True,True,True
3,PEU,-0.5426807637930882,0.00010184427958527921,0.0006110656775116754,0.5811881340472168,-0.5531839813096965,-0.5384662178351788,-0.5427393195838526,,-0.5096845017456617,-0.5520871409922019,-0.5647378978955879,-0.5836973873649146,0.00040883357984825827,0.0006226651842623794,0.0005434963838868941,,0.0009181639670917726,0.0003712747994001573,0.00025028095528156877,0.00015926960721281784,-0.4844073337012792,0.0006065040702528062,7,True,True,True,False,True,True,True,True,True,True
3,PO,0.13738107138214498,0.3704299619966943,0.5778707407148431,1.147265255187169,0.0975279065499095,0.14989725936836182,0.12817928890347957,-0.009514351661274695,,0.04179208524860628,-0.021469998133318225,1.4974240222419386e-05,0.7295722935347206,0.5282372418134926,0.6402538057147654,0.9868145687341521,,0.9006542450487265,0.9019488061991414,0.9999192865227449,0.12337173316099861,0.5779163696442088,0,False,False,False,False,False,False,False,False,False,False
3,PRI,-1.368939420932119,5.3522436515835256e-11,2.087375024117575e-09,0.25437660303894827,-1.3756263844608194,-1.3575327305083789,-1.3748415041319193,-1.3738300556953733,-1.356535493145,,-1.465572734277625,-1.382464391874805,1.2925716278716666e-09,1.427584228335843e-09,7.964712865784459e-10,1.0208691038271798e-09,2.576282601437978e-09,,3.760190679976015e-11,5.850750934544918e-10,-0.9774457122544371,2.10314527996961e-09,7,True,True,True,True,True,False,True,True,True,True
3,age,-0.00031859903438995603,0.9835528069850423,0.9905612395197669,0.9996814517128929,-0.0017389822232304678,-0.000543235202226574,-0.0013663769389988371,-0.0007968885930486974,-0.0011793723484951918,-0.0008629535885911005,0.0029042864874393583,-0.0077431975408156425,0.9479800610146055,0.9856431905733122,0.9717844952632279,0.9868145687341521,0.9933756944702243,0.9749739351937794,0.9019488061991414,0.7896637837080721,-0.0024159863331616772,0.9901820138436779,0,False,False,False,False,False,False,False,False,False,False
3,gender,-0.019037453204692488,0.9240823333660773,0.9905612395197669,0.9811426146194743,-0.0753947805863812,-0.01866292563047445,-0.0008401802224547256,0.039037980756212086,-0.011065478395605054,-0.04559766926682248,-0.03313330966703921,0.08638025290179331,0.8300690086843407,0.9799303451074721,0.9966323293818318,0.9831147357144747,0.9933756944702243,0.9019234898682578,0.9019488061991414,0.8106993333605893,-0.019752009477216136,0.9901820138436779,0,False,False,False,False,False,False,False,False,False,False
3,Education,-0.15739424130405263,0.28359932787168407,0.5027442630452582,0.8543671655879344,-0.17585893726428345,-0.17017871798150358,-0.14990743269757972,-0.11269489567319615,-0.15110640428336283,-0.16469054551508533,-0.1657567937867521,-0.2329181735784871,0.4171049468926002,0.4197015112507588,0.525235979179507,0.6424590766100303,0.49356923524232704,0.46646002734416403,0.4484729011187184,0.22431598881905135,-0.11430573066130618,0.502872179915298,0,False,False,False,False,False,False,False,False,False,False
3,Occupation,-0.05600233623497203,0.33048631392732386,0.5603898366593753,0.9455369268913799,-0.04727077222799799,-0.05591104435141947,-0.05710946043920839,-0.046465034613257454,-0.05649874583485986,-0.038641702439972385,-0.06149807128879215,-0.04204570808904404,0.6165930172354109,0.5282372418134926,0.5352800280426587,0.6288531827080642,0.5210099312469587,0.6599961295137825,0.4823101666817365,0.653717296735839,-0.1167816108608332,0.559590166413733,0,False,False,False,False,False,False,False,False,False,False
3,income,0.04885574148661369,0.6605357079879846,0.8050278941103561,1.050068858440792,0.052485884126458715,0.0536979388717819,0.05494026494115473,0.047443237460858614,0.05208450455188105,0.08573762181251851,0.0789543929369727,-0.0334794599792196,0.8036313481425047,0.798434171559928,0.7838999222448159,0.8290395869971319,0.7822348983187671,0.6173120805800609,0.6669478474550967,0.838989359513016,0.04230686475301495,0.8044798370374663,0,False,False,False,False,False,False,False,False,False,False
4,ATT,-0.2979756220592747,0.07917842261762292,0.2233907954907598,0.7423194357464058,,-0.24894675356073637,-0.30856729830901913,-0.3086925328570842,-0.29654712934673577,-0.29276117701825244,-0.2842539748836173,-0.34223243213249493,,0.2789944257143409,0.17592719193727935,0.20601594901556275,0.20042540867587405,0.23494693053003593,0.23010226044094623,0.1081120764595667,-0.23286585888697997,0.223293452715059,0,False,False,False,False,False,False,False,False,False,False
4,CON,0.15732586936597756,0.39093932019292665,0.5979071955891819,1.170376941757971,0.052896253524020935,,0.12760615512090584,0.1526646443854377,0.1564113481740608,0.13707502607135136,0.13626307241459354,0.08935605876181042,0.883532466074533,,0.6651221532325841,0.6288531827080642,0.5662205548758936,0.63806666045651,0.6571866516455768,0.7896637837080721,0.12238944446946735,0.5977817555377362,0,False,False,False,False,False,False,False,False,False,False
4,SNO,-0.6451116648926943,0.0008865970395010643,0.004939612077220215,0.5246039589910273,-0.677920483327561,-0.6252962075836399,-0.7035631189885886,-0.6713454479109516,-0.6434635404280947,-0.6921989266358496,-0.6452359658614158,,0.002387876580467549,0.005987774553984005,0.0007082607726182105,0.0027830657036541384,0.003961454929792119,0.002141100536590183,0.005027331518507871,,-0.5405620774348571,0.004897167578124647,7,True,True,True,True,True,True,True,False,True,True
4,COVID,-0.18058554534088103,0.3508951540011186,0.5623897124569548,0.8347812659944289,-0.20466057765811665,-0.15038260340405288,,-0.1763387868683429,-0.1813784559777686,-0.17677160521110244,-0.19069479789306684,-0.3749046252434616,0.4959898690485076,0.644189828538544,,0.604202801837735,0.5342604855603064,0.5697451269930724,0.5172668029249531,0.10804426725284677,-0.13912932521021007,0.5632011121706151,0,False,False,False,False,False,False,False,False,False,False
4,PU,-0.2418994411342539,0.20624487822270543,0.38302620241359575,0.7851351258800017,-0.2358607813153501,-0.23109155910133167,-0.26282778471071666,-0.2764298713657624,-0.23777432642300497,-0.3401620821821241,,-0.24336960931647172,0.4123299946443818,0.4063743497905749,0.33053563882122616,0.37068733012044863,0.3644235455889489,0.20856213674892166,,0.3795118482697068,-0.18112801781173585,0.38392477879779285,0,False,False,False,False,False,False,False,False,False,False
4,PEU,-0.16103556566045907,0.21451008333728083,0.38911131396064896,0.8512617948807988,-0.17008912742784757,-0.1594837137072781,-0.16136229413348,,-0.16054307817408717,-0.163080425499592,-0.1752359340382561,-0.19899758250197752,0.38824677828308324,0.40422882966537627,0.39412803197900215,,0.3644235455889489,0.4349938327869147,0.34173587888051343,0.2623390457033915,-0.1438212224463537,0.3882548653466262,0,False,False,False,False,False,False,False,False,False,False
4,PO,0.010163813914677862,0.9429592531380108,0.9905612395197669,1.0102156409091467,-0.01715480001804011,0.019363529990197605,0.009804377183301032,-0.021244138812006184,,-0.03405465711556823,-0.03348365429375687,-0.0699980533093146,0.9479800610146055,0.9780632577146036,0.9717844952632279,0.9831147357144747,,0.9019234898682578,0.9019488061991414,0.7896637837080721,0.009038242254624127,0.9901820138436779,0,False,False,False,False,False,False,False,False,False,False
4,PRI,-0.7768789585294317,4.7234835273031746e-05,0.00030702642927470634,0.4598389504449287,-0.7765465125238903,-0.7708786001392935,-0.7789091274636102,-0.7673864411747204,-0.7772263602077906,,-0.8275951628184315,-0.8226633075053379,0.00026945713812888097,0.0003190348743427952,0.0002710418905255507,0.00030640277296949115,0.00027402709523874857,,0.00013239535418202458,0.0001239938122603505,-0.5546525763769842,0.0003084206820194605,7,True,True,True,True,True,False,True,True,True,True
4,age,0.025375661890602325,0.056682178827745636,0.17004653648323692,1.0257003646973148,0.02447870181547163,0.025431818833739978,0.024890941445772828,0.025514062891671057,0.025371496115204985,0.024822888759378773,0.025940146373955853,0.021341904950655487,0.19517706315451303,0.1546304582781519,0.16262141594149856,0.17268099422506217,0.15583980057168195,0.19464895453170597,0.15233450656304867,0.22431598881905135,0.20208027172178986,0.169897406896309,0,False,False,False,False,False,False,False,False,False,False
4,gender,-0.26585173848787635,0.1533039689407669,0.3473090335282214,0.7665527693491612,-0.30442277003898655,-0.26726170235055885,-0.25823130203493777,-0.25235033548618246,-0.26528125221429183,-0.2856714233209195,-0.2678968499559107,-0.21577705604107933,0.2644629898452235,0.3127213020436062,0.33053563882122616,0.3901330542226563,0.3384065547866534,0.29975388845546636,0.2962613663186978,0.44462914699111694,-0.26632139359821183,0.34453391265333144,0,False,False,False,False,False,False,False,False,False,False
4,Education,-0.0016566155692550961,0.9905612395197668,0.9905612395197669,0.9983447558609017,-0.017105188622281095,-0.009061957184973936,0.001355059201828789,0.009525104855769389,-0.00041295527662193587,-0.015690923610996207,-0.0011763794907806227,-0.03506023540593138,0.9479800610146055,0.985256007707097,0.9966323293818318,0.9868145687341521,0.997642908454854,0.9749739351937794,0.9932929979451333,0.8441406074833219,-0.0012516021104331926,0.9901820138436779,0,False,False,False,False,False,False,False,False,False,False
4,Occupation,-0.04999956162996731,0.3462615368012585,0.5623897124569548,0.9512298414912793,-0.044954012611499984,-0.05011580326076495,-0.05141665083656676,-0.047625394234475676,-0.05043209681364593,-0.042936376742560074,-0.052004633775014554,-0.04732394682798428,0.6165930172354109,0.5282372418134926,0.542943159144705,0.604202801837735,0.5342604855603064,0.6142538653763356,0.5172668029249531,0.5750891802567917,-0.10421961529784789,0.5632011121706151,0,False,False,False,False,False,False,False,False,False,False
4,income,0.2256922394433236,0.03526443871118363,0.11002504877889292,1.2531899234947026,0.2287711195009715,0.22871309413976781,0.22956573248552997,0.22511284666950326,0.22646676847340255,0.2459025131455385,0.23826141127600922,0.17640433622647006,0.10630711007023393,0.09433398685115801,0.09223732116866865,0.12193832326315861,0.10012912995773549,0.07513228463087034,0.09552055110549766,0.22431598881905135,0.1951885528616606,0.109950040335883,0,False,False,False,False,False,False,False,False,False,False
5,ATT,-0.890253535838078,0.006926646629250715,0.028435707214818723,0.4105516499993569,,-0.904563856881644,-0.8913554187828281,-0.9439602845645279,-0.7638938209941277,-1.0731950006234576,-0.6492636365430756,-0.9979644344435081,,0.019461321566005357,0.02232973358903517,0.01833117235238793,0.06750025081367685,0.004226209491627463,0.1305650105902433,0.007273126430328549,-0.6961486802938942,0.02846269126262184,5,False,True,True,True,False,True,False,True,True,True
5,CON,-0.22956060272473608,0.5432784239572155,0.7459345853018612,0.7948827951149025,-0.4697271154729494,,-0.26645218427543055,-0.22929314389793556,-0.3245244314941699,-0.3474471834963529,-0.6680865648797673,-0.8050442154790906,0.41038420901169315,,0.6651221532325841,0.749914638525367,0.5662205548758936,0.5697451269930724,0.16760872897178036,0.0652756289791078,-0.17849214342049727,0.7460050337666566,0,False,False,False,False,False,False,False,False,False,False
5,SNO,-2.4597710108959348,2.0390292555982402e-10,5.301476064555424e-09,0.08545451688030403,-2.5164681975655565,-2.5474202771058114,-2.5549444267462436,-2.51297505749768,-2.2962781764429616,-2.540252966279797,-2.408915533569511,,1.441593276080386e-09,1.8344591297084e-10,1.6659901979405015e-10,1.9245408039901905e-09,2.2105494435999417e-08,8.362289522306681e-10,1.7163571068400458e-09,,-2.060798979190326,5.1926355362381864e-09,7,True,True,True,True,True,True,True,False,True,True
5,COVID,-0.2646513015346299,0.4854184227820607,0.7011599440185321,0.7674735201611804,-0.3680268346436896,-0.28764646236250474,,-0.3075345099865599,-0.2361955549847021,-0.2623238148444972,-0.843182904010073,-1.0641699399698814,0.5339517199259288,0.6515359857929641,,0.6288531827080642,0.7114277713013872,0.6599961295137825,0.07018575519905478,0.009122884465898023,-0.20342260975133294,0.702553141048269,1,False,False,False,False,False,False,False,True,False,False
5,PU,-2.597891807382811,5.768360594990586e-10,1.1248303160231643e-08,0.07443032639319898,-2.519732584567439,-2.6664645295022686,-2.6208020471404363,-2.7369116010867716,-2.431544093145947,-2.819020829550826,,-2.530037472040441,2.0840143351203143e-08,1.427584228335843e-09,1.2477019642521747e-09,1.5440497670454404e-09,3.9959405484985205e-08,3.3477519699398835e-10,,3.7004872552213715e-09,-1.9476191539191072,1.12201657871506e-08,7,True,True,True,True,True,True,False,True,True,True
5,PEU,-0.9191940558842158,0.0013250740671253269,0.0068903851490516995,0.39884035462369,-0.9663308705496172,-0.9068283971160983,-0.90921165888118,,-0.8120807938355139,-0.9676761835034301,-1.0623758237242726,-0.9643215636558377,0.0033585492751250137,0.007149928888532895,0.006903017056019313,,0.01936195358160623,0.0036000364298768906,0.0006301431740552899,0.0031651488416618305,-0.820755651088461,0.006833134484734866,7,True,True,True,False,True,True,True,True,True,True
5,PO,0.5341461707603273,0.08272680333954979,0.2233907954907598,1.705990995228338,0.3920946618565239,0.5366880913744373,0.5105835324608761,0.3085418381347778,,0.4072877633823814,0.06231853027736361,0.16869223488438526,0.38824677828308324,0.2001985228458792,0.2370817600412862,0.5330640038101795,,0.3982693185676647,0.9019488061991414,0.7669932115635771,0.48003760385041305,0.223293452715059,0,False,False,False,False,False,False,False,False,False,False
5,PRI,-2.079511933766633,2.7356375121622226e-08,3.0482817992664766e-07,0.12499120129883347,-2.202356926403923,-2.127866970481165,-2.0944474748556643,-2.1312521599910133,-2.057224176221864,,-2.4013227295750066,-2.189001719762214,2.0840143351203143e-08,8.530371557406978e-08,1.7439809725015703e-07,1.0375872309156834e-07,3.1609592472404187e-07,,1.6598483847034603e-10,8.196225365528816e-09,-1.484557705530336,3.089064457961942e-07,7,True,True,True,True,True,False,True,True,True,True
5,age,-0.06354963842410309,0.1185902477685599,0.2890637289358648,0.9384275360804888,-0.06435945653465995,-0.06163247713969823,-0.06386819667604028,-0.06908660568528402,-0.0677505957709389,-0.062059175933922184,-0.039880131115236195,-0.07489167827423365,0.28269334167993615,0.28969067459875814,0.264345426006809,0.24371542311173225,0.2292644541711653,0.29975388845546636,0.487602800390236,0.15548646679639808,-0.5054700215201895,0.2899040014399319,0,False,False,False,False,False,False,False,False,False,False
5,gender,-0.07013400434870155,0.861097485607393,0.9679899348703271,0.9322688834505795,-0.1758313305754022,-0.07639847644908537,-0.04498299270733619,0.020259453574221292,-0.08832048133514586,-0.12137931046929575,-0.16130034283024416,0.1464538880880085,0.8181438578981186,0.9544637018580558,0.9717844952632279,0.9868145687341521,0.931718660508047,0.9006542450487265,0.8562822041761955,0.819268888610634,-0.07146524586956852,0.9668043545825402,0,False,False,False,False,False,False,False,False,False,False
5,Education,0.11242771858085285,0.6931073135756807,0.8191268251348953,1.1189913717052067,0.0482069668657834,0.12747561321765427,0.1338927043051757,0.1845494388643272,0.029654012291426796,0.13485381928405765,0.048713488462025466,0.005372641252496347,0.9479800610146055,0.798434171559928,0.7912653107906548,0.7222808841582857,0.9933756944702243,0.7944700376437543,0.9019488061991414,0.9983672185317168,0.08176797216515651,0.8187212379316376,0,False,False,False,False,False,False,False,False,False,False
5,Occupation,-0.0077026498563550795,0.9449924294293892,0.9905612395197669,0.9923269395300814,0.0018575558001845838,-0.0058765382900273794,-0.009959450757389637,0.01375802850165479,0.008845559794271589,-0.0012632140649295348,-0.026659442859492635,0.039776485983118184,0.9866844976657251,0.985256007707097,0.9717844952632279,0.9831147357144747,0.9933756944702243,0.9907924719192073,0.9019488061991414,0.819268888610634,-0.016573284530463646,0.9901820138436779,0,False,False,False,False,False,False,False,False,False,False
5,income,0.13837086148959837,0.5561247598692096,0.7478188757354945,1.148401369151807,0.12503261287564435,0.1301009392847824,0.12822870928397717,0.12730995678864165,0.14142963228333877,0.2050377747963185,0.1410023311681525,-0.053745461268438266,0.7752215081851498,0.7565513387360846,0.7459424599167416,0.7963428609189428,0.7141532894612134,0.5697451269930724,0.700970181676552,0.8441406074833219,0.1198909512529513,0.7468866312682979,0,False,False,False,False,False,False,False,False,False,False
6,ATT,-0.24282556565110794,0.35329610141526646,0.5623897124569548,0.7844083295947584,,-0.06512677901768996,-0.2118427643733284,-0.28124289474284336,-0.2907174196512356,-0.2570236154054991,-0.23339595961320964,-0.1951688006264944,,0.9092006641687729,0.6402538057147654,0.4915872052128932,0.44728804841235276,0.5646769296294953,0.5597575319059143,0.653717296735839,-0.18967884600113297,0.5632011121706151,0,False,False,False,False,False,False,False,False,False,False
6,CON,0.5178366774824715,0.0859195367272153,0.2233907954907598,1.6783928144871925,0.42428220419364476,,0.6074783430539054,0.5037654946306837,0.49888636053313723,0.5444483613528277,0.554793520353218,0.6350201851348031,0.30375050377253415,,0.11268598638482566,0.24371542311173225,0.2292644541711653,0.20856213674892166,0.17856795103741233,0.100652244363326,0.4028081609607641,0.223293452715059,0,False,False,False,False,False,False,False,False,False,False
6,SNO,0.8515432690629536,0.01451374672257246,0.05193511770798345,2.343260344108971,0.8301711632080224,0.9261620893840825,1.0054704345799785,0.8052639760481589,0.7769306788729775,0.9292383254366885,0.8589503824769015,,0.06166263711694122,0.025365584726742725,0.0110013599944413,0.07523426668122858,0.07201709237333347,0.033761715483924155,0.06358102276138253,,0.7126657633714091,0.05204527619533215,3,False,True,True,False,False,True,False,False,False,False
6,COVID,0.4243577719930583,0.18510021641774987,0.3714357338907317,1.5286083892341975,0.39698666185005543,0.5354381078567275,,0.44406909346750467,0.452722243644431,0.44120160370237227,0.5334251149877852,0.6948472805589228,0.4123299946443818,0.21602946126797404,,0.38598360175839247,0.3384065547866534,0.38203156023970297,0.23186663277219616,0.07248119282436069,0.32673744270990995,0.3706384998947301,0,False,False,False,False,False,False,False,False,False,False
6,PU,0.7252467159113224,0.01496289521297726,0.05193511770798345,2.0652405648254097,0.7255807980388738,0.7492870811963699,0.7754874485222015,0.625865936591264,0.6434000374853845,0.7288285794287898,,0.7155527873511153,0.056680026109483805,0.036996640414377044,0.02950397987251694,0.12193832326315861,0.07859566871786629,0.05137654973853268,,0.05577912572924175,0.5434090544344387,0.05204527619533215,2,False,True,True,False,False,False,False,False,False,False
6,PEU,-0.5088036124694826,0.004957165312060604,0.022744640843572184,0.6012144341639332,-0.5157400086994045,-0.5020555446747048,-0.5193926258390376,,-0.5585102782966731,-0.4745518687204736,-0.46819648310179546,-0.499690835223096,0.01803265385844174,0.019675832849840008,0.016355515877554166,,0.007621474426223565,0.033761715483924155,0.056653599054132274,0.020936248997213337,-0.4538761087696338,0.022774218541349613,6,True,True,True,False,True,True,False,True,True,True
6,PO,-0.27306880131773875,0.18571786694536585,0.3714357338907317,0.7610404252435452,-0.29765361168301646,-0.25183969029834813,-0.2940949844780581,-0.3875861724667796,,-0.2482519936012056,-0.1679158568981952,-0.19302060065023352,0.3274382991080892,0.40422882966537627,0.3237022066966263,0.16672464538677845,,0.46646002734416403,0.601653316029937,0.5628373340188273,-0.2454534673079507,0.3706384998947301,0,False,False,False,False,False,False,False,False,False,False
6,PRI,0.4112532271282338,0.1612798197493971,0.34943960945702707,1.5087073538205351,0.40439935941750677,0.417510543238217,0.4245335589410474,0.3800884742585672,0.38127333083000736,,0.4738907038625305,0.5379448853757238,0.3673003054251169,0.3127213020436062,0.32063978367963303,0.3901330542226563,0.3592676999660768,,0.244792224471001,0.17314222407912094,0.29397594311408576,0.34857377968625713,0,False,False,False,False,False,False,False,False,False,False
6,age,0.005311096656374298,0.7774272274891064,0.9050645334947807,1.0053252255324219,0.004945278512325167,0.00530261664726021,0.0046274715621808515,0.002526734762778961,0.006433169939900397,0.004514321968160727,0.0056921065552960155,0.00803601320222851,0.905614657720722,0.9092006641687729,0.9342669002826578,0.9831147357144747,0.8635622243429448,0.9019234898682578,0.9019488061991414,0.8106993333605893,0.04233624983600979,0.9047535870583399,0,False,False,False,False,False,False,False,False,False,False
6,gender,-0.41390542397712365,0.15584379709599677,0.3473090335282214,0.6610634690632964,-0.4549289331527087,-0.41102148899781515,-0.43332316591562325,-0.38614733292324316,-0.39857013181380463,-0.33727355390592334,-0.36718448199952103,-0.47632380759200815,0.28269334167993615,0.31354291153508257,0.30699311793781625,0.3901330542226563,0.3500020941211532,0.46646002734416403,0.38292574439077176,0.22431598881905135,-0.4151616694133908,0.34453391265333144,0,False,False,False,False,False,False,False,False,False,False
6,Education,-0.11227797475472225,0.5656578675435151,0.7478188757354945,0.8937957703053514,-0.12307028085399942,-0.13621254073894165,-0.12539225470170398,-0.08299542394156412,-0.10706696225048025,-0.11803966106376479,-0.09327643681626448,-0.06875569131636823,0.7295722935347206,0.6841721761072246,0.6879334680499491,0.8290395869971319,0.7503556632618524,0.7071914524547603,0.8161765208678357,0.819268888610634,-0.08167122281523888,0.7470392018142269,0,False,False,False,False,False,False,False,False,False,False
6,Occupation,0.18623355109057926,0.01330842706136917,0.05190286553933976,1.204703587360892,0.19008234888065637,0.19029440928636512,0.19574492722722803,0.19756686887149064,0.18370154958786084,0.1930779519298631,0.18200006107912137,0.19311094182388427,0.0449973246458353,0.036996640414377044,0.02950397987251694,0.035952808173724336,0.05634645421326343,0.04003872918421332,0.06425719899838256,0.03400836602350873,0.3879201084282862,0.05193272765625971,6,True,True,True,True,False,True,False,True,False,False
6,income,0.14107439600542548,0.4112815884054549,0.6169223826081823,1.1515103125656145,0.14114980921752812,0.16375448885913702,0.13642298965427174,0.1558636476581246,0.145694283487039,0.13550505122797163,0.15794564538547995,0.1801237509284483,0.6165930172354109,0.5282372418134926,0.6402538057147654,0.604202801837735,0.5662205548758936,0.6173120805800609,0.5571373603662416,0.5076725052212945,0.12204088173891696,0.6166083353379115,0,False,False,False,False,False,False,False,False,False,False
