bootstrap,converged,n_iter,log_likelihood,BIC,matching_cost,matched_size_p0,mean_zINT_p0,mean_zBE_p0,matched_size_p1,mean_zINT_p1,mean_zBE_p1,matched_size_p2,mean_zINT_p2,mean_zBE_p2,matched_size_p3,mean_zINT_p3,mean_zBE_p3,matched_size_p4,mean_zINT_p4,mean_zBE_p4,matched_size_p5,mean_zINT_p5,mean_zBE_p5
0,True,22,-1519.8544980683282,3286.8556989785216,3.104448876029751,266,0.9982204358975934,0.912428871694553,321,-0.6692874447834417,-0.5539005250064978,175,0.8676409781630641,-0.1459565585253396,79,-1.900505076360669,-1.68426307053123,55,-0.3922318206115446,1.0158937552197866,270,0.13029715759595734,0.13848497847986121
1,True,32,-2164.2636856817253,4575.674074205316,2.7358485309362712,113,-0.22656369179788874,0.6339786918837775,234,-0.30744730284993205,-0.588631591562398,308,0.816025755376379,0.36318700903525253,174,-1.214006742206159,-1.278808782916285,122,0.9159172965008123,1.5772299014516629,215,0.08477149455715711,0.1822326127936846
2,True,19,-2215.0826614849925,4677.312025811851,2.954752024883467,124,1.4203902482346211,0.8887445419899286,79,-1.0180460778801448,0.47200018989836395,499,0.29781103202287196,0.20050742935315916,177,-1.210026014872862,-1.0267160821221604,103,0.6889568863961061,1.3454576790253525,184,-0.34502078680565723,-0.9631021410895485
3,True,45,-1541.905589689681,3330.957882221227,2.231532884603109,138,1.3660621756050306,0.9069791418008634,145,-0.5733472512874792,-0.2130001182834496,438,0.3332495778616526,0.04440674597277071,99,-1.8384442302538861,-1.5594093946440086,128,0.6605115946062838,1.1253909253836665,218,-0.3525333978693037,-0.201958820862969
4,True,43,-1546.1148160705548,3339.3763349829746,2.8385444079557676,306,0.9480583253224409,0.35671517887016657,34,-0.7741218236407733,-0.6548421627072898,253,0.14524494145800695,0.16246808545731486,200,-1.3281891085383937,-1.184763004344411,117,1.0544230256812948,1.4976714971971223,256,-0.4922123346193241,-0.09084242042122023
5,True,24,-2162.6758044980825,4572.4983118380305,0.8174458368094073,123,1.4672904328756944,0.9777508230424041,320,-0.6451424253283808,-0.43043080556887237,160,0.7989651227023263,0.4890830219636352,76,-1.4151407682484514,-1.3783426674124002,60,0.6157773193472114,1.5264295095981866,427,0.12390023228945425,0.07525991933428551
6,True,32,-1907.1278269189625,4061.40235667979,2.0114805350511014,61,1.4686968106310547,0.7571151862268916,298,-0.8488857961458284,-0.8225923815255798,502,0.34208747698711894,0.40501913485390406,31,-1.5682750460392683,-1.4403807197522034,116,0.8272391169910512,1.5364510801214397,158,-0.010186451148964819,-0.3483686967130621
7,True,57,-723.5391832251016,1694.2250692920686,2.7938856627271385,130,1.4575033220561204,0.9440870596004365,58,-1.284635154094635,-0.18578542477954943,304,0.7348094149541388,0.3915354402259231,203,-1.3426075454005173,-1.296067953632024,184,-0.40494332700244134,-0.11148290990297348,287,0.1401010945232239,0.19496111758680731
8,True,51,-798.9559353415412,1845.0585735249479,1.4406665070947864,152,1.1042050816161884,0.9630090799898752,331,-0.7273382656532675,-0.25064241114746616,216,0.7808071289989256,0.11300165916086997,138,-1.244404056867436,-1.1759093445335225,61,1.4584578248137747,1.6267810937177045,268,0.1603190280711321,0.1762124718092562
9,True,33,-1765.8397558017334,3778.826214445332,2.318210370822013,89,1.3720109835669039,0.5277787308179221,39,-0.9406454654587268,0.3075981283071166,537,0.4041418128168633,0.2206315322210326,134,-1.3445903721520192,-1.2983040908185342,113,0.7810846614447938,1.5988760236345834,254,-0.42264736454822344,-0.4430135546108203
10,True,18,-2320.165792696002,4887.4782882338695,1.926514652399736,128,0.5203388214628816,0.9825288630733285,328,-0.4542858842062006,-0.45123934751580985,165,1.172937845948909,0.28600510639946064,122,-1.3764672540215164,-1.3028069736106822,105,0.8600107343735194,1.5973179934018442,318,0.19963438711235065,0.07820330946411605
11,True,33,-785.6175803827651,1818.3818636073956,1.9386985484985082,132,1.4217378987986797,0.885441982585926,308,-0.6851158143966988,-0.5327830645282465,315,0.7273530889188936,0.3759217571734708,94,-1.7555898493017874,-1.2799790895748644,42,-0.31502251875959647,1.2196703431162317,275,0.11676829239674236,0.1319222551748001
12,True,40,-2400.2419914896846,5047.630685821235,3.3974100822729913,207,1.2160081727494654,0.4161857431269482,178,-0.8225803798756608,-0.6724162864565801,539,0.2604107957295837,0.12007790871907621,72,-1.318957448591792,-1.9987948244701426,94,0.8862868455951379,1.6662830916146427,76,-0.7828915079422071,0.4300980751345239
13,True,42,-1002.1145286094988,2251.375760060863,2.8005051667866656,119,1.453413375485586,0.9309572789829718,19,-1.2502387252846794,-0.4270860644014634,324,0.779034945004416,0.43018780726191297,164,-1.4016345118307598,-1.3349150011377997,290,-0.5291723683941707,-0.03575644243130517,250,0.14478017408312074,0.13649575588110174
14,True,33,-2285.6919385049687,4818.530579851803,2.887857225445929,143,1.2009358261936467,0.6559870106693051,172,-0.7094394217141866,-0.843985537934126,244,0.22273552859614065,0.3772976798680215,70,-1.673964995674985,-2.175331112461271,99,0.9874661615455491,1.6031365915441957,438,-0.05488255393739372,0.06528119801538207
15,True,35,710.0001223582575,-1172.8535418746496,1.7683729080892543,120,1.4723029334031261,0.8237059153786266,273,-0.477005045582706,-0.20573772600315615,184,0.5966563022641085,0.49829976723847985,197,-1.4689532884302616,-1.0819800247902553,123,1.0344796178336184,0.5922218233406091,269,0.15883298669459933,0.14294193619567036
16,True,51,-760.8909199088848,1768.928542659635,3.216100057050428,373,0.903657462648073,0.28853936412203196,222,-1.0954792690043713,-0.39120086188020625,145,-0.3570658149160207,-0.17805927410498756,74,-1.7149306557387363,-1.4921356195361932,82,1.0984537060262083,1.5357932896283113,270,0.09794920168734562,0.11301513725093336
17,True,71,-530.0413736393442,1307.2294501205538,2.86534304842071,224,0.7299000664220183,0.7722608050086828,369,-0.31950011095721614,-0.39420221020368507,163,0.26226474975104835,0.17546828581077137,64,-1.218256374807738,-1.6296401433656462,122,0.8950203860091801,1.5620666375985586,224,-0.31067990990647437,-0.35581319555908436
18,True,55,-1121.5406122429536,2490.2279273277722,4.239929329761476,333,0.9242248812864373,0.297907555568026,14,-2.3403421556390223,0.25677800176332116,252,0.17846003159450027,0.05548844905786943,144,-1.2981246090295153,-1.2140719078688837,106,0.9333140301860708,1.6207028962284094,317,-0.5762534891877525,-0.1911209827054418
19,True,43,-1159.7162217496877,2566.5791463412406,2.855581489774164,66,-0.6273917003062022,0.76563683698859,183,-0.4979494642573601,-0.36237244080685577,370,0.8974015850920234,0.3087064057351299,206,-1.3707822063416246,-1.1838841810590386,118,0.924367661095337,1.5589192791748108,223,0.12272364467383753,0.031408936702995216
20,True,44,-788.4781970182405,1824.1030968783464,0.7895557444320896,130,1.4918145375102294,0.8199343775278827,334,-0.7175171681681154,-0.3468377111869697,237,0.777146910740162,0.3183734501004833,127,-1.3025156916178593,-1.1530142520653655,57,0.3820523485600387,1.480765745394494,281,0.17204537913623263,0.15109695435199677
21,True,27,-1063.089323033215,2373.325348908295,3.1102268000239524,354,0.891213590836391,0.2654705859899773,252,-0.4756479931788383,-0.27606434188272466,236,0.13659454818522518,0.044630849732982945,168,-1.408157453636038,-1.26132720156752,121,0.9037539851993013,1.5884983561453292,35,-0.9759160374338516,0.31831773632311117
22,True,47,-821.4948321751876,1890.1363671922406,0.6830808060784002,139,1.4180910183072213,0.9179100943674152,371,-0.7480335034321889,-0.3093199048308402,282,0.7216368475469523,0.22809578130731195,78,-1.69246753184658,-1.565894482204344,39,0.7132975119424149,1.4377232975775198,257,0.1102918139732742,0.1542742910132553
23,True,63,-114.32002144396391,475.7867457297931,1.3948323795222526,178,1.1892587357579216,0.4042725861750624,284,-0.5447167201702053,-0.24219660044842503,169,0.595741038274621,0.34008416818110737,174,-1.5499960933232053,-1.276992103102194,99,0.9919304312514773,1.6357149736899077,262,0.16642456693456661,0.13354887638308652
24,True,48,-1088.4320978239944,2424.010898489854,3.691344661516808,364,0.9022681553034008,0.3023494542620111,157,-1.1601047121536179,-1.115771823564639,234,0.14246628852725823,0.08986130777571047,90,-1.7686332998087513,-1.0220570289329292,116,0.8495881347061872,1.5888207396163117,205,-0.4357620121536291,-0.15981571572885392
25,True,38,-515.1704241510045,1277.4875511438743,3.5537722283129525,248,1.233916812365458,0.6805068439738112,365,-0.6836972025257714,-0.41985872637669913,212,0.5673025478209784,0.43661976868592,69,-1.6695510742961375,-1.4134780692751103,22,-1.5533570697828398,0.727936011923193,250,0.11079822017483558,0.0833212862506975
26,True,36,-263.8086181921055,774.7639392260762,3.042671609132175,349,0.8967883681954189,0.3712740798861955,206,-0.968025204451534,-0.4856356171578515,261,0.14863089287259498,0.08135128941147952,109,-1.8385618232603471,-1.54678090712167,109,0.9564969993056666,1.562982816056403,132,-0.2814029063567986,-0.2149582103256417
27,True,48,-830.5290925257547,1908.2048878933747,1.9332115500667886,57,0.7347962085013166,1.281966013777333,241,-0.49463638978524943,-0.24802071524219463,303,0.8854758562299737,0.12448293438772376,199,-1.4381397551971145,-0.9897725296031011,122,0.9076596900279382,1.6247250993229316,244,0.12406996713415759,-0.052406843750418715
28,True,42,-848.2221790608402,1943.5910609635457,0.8265110035233728,125,1.4472310459728943,0.9103893330087119,329,-0.7115087864323948,-0.28390269249886224,298,0.7451213608553271,0.28966436666595946,101,-1.4208402253994608,-1.3782174812223975,39,0.15271439129448436,1.4999610326339585,274,0.1302658537738349,0.18338019029936292
29,True,41,-1744.6219771381075,3736.39065711808,1.9747144712376967,207,0.9601570933440052,0.42945523325379487,270,-0.40972218922147163,-0.41960691831440783,125,0.49678471088184256,0.16374627685755297,165,-1.0922318844922296,-0.9784301755085424,126,0.8040449543595241,1.5876732046001527,273,0.09933655063694073,0.25930373009073193
30,True,50,-890.7444104738961,2028.6355237896576,2.4673142422734906,125,1.4520630923080629,0.7636476129945694,284,-0.5621939959675832,-0.321436921351862,312,0.7546653309632904,0.4820562988027238,150,-1.5567880111132009,-1.3374041936280692,38,-0.9169795300941528,1.0051551221364654,257,0.14967419566867737,0.12819551933352305
31,True,35,-2345.9748038381936,4939.096310518253,2.895512727025584,217,0.9492009150095683,0.6901071194472713,123,-0.5156294482109808,-0.7198111261213539,337,0.2331239395274925,0.2882461345423819,147,-1.0486378143801955,-0.9295128655879801,94,0.9284779751164229,1.6959256369871156,248,-0.1903911408075377,-0.3155434473001161
32,True,43,-1048.676570815867,2344.4998444735993,3.993223367283104,361,0.8673629235164352,0.3004136001209925,30,-1.630938799137629,-0.8662154582992987,240,0.10463518110678113,0.02399381423638591,126,-1.5632245499138209,-1.4020978070452097,114,1.0437057570333135,1.5880259934301375,295,-0.6086761570942251,-0.2234759981974851
33,True,46,-1116.5628871381757,2480.2724771182166,3.393333455566319,355,0.9026202977828796,0.37061869230824696,238,-0.9840425478763623,-0.7835486268604772,234,0.17313367721988596,0.08912084194215257,69,-1.9740997180947057,-1.4482087342003565,105,0.9588036204977193,1.623299407644637,165,-0.3700353244478358,-0.0839530076068671
34,True,42,-1135.8461970044373,2518.8390968507397,1.618407079434691,138,0.7622695479039723,0.5580424332320874,298,-0.5819124352989742,-0.20170497831707657,234,0.9213359019163017,0.1236067395975726,150,-1.6560360319466199,-1.173768959179881,105,0.8162634006525035,1.3058193240273215,241,0.14018815433324747,0.13739274910205015
35,True,61,-215.47098081030282,678.0886644624709,3.883563027440965,335,0.9511313230061252,0.40221214776868375,268,-1.0179011096497002,-0.6811988283139828,250,0.1587386174162029,0.11656135111220008,51,-2.396027876203368,-1.7969273623327773,96,1.0746709701181434,1.6491032288636134,166,-0.29050708138790554,-0.18042581620854917
36,True,41,-670.9139728027678,1588.974648447401,3.5352661667391314,273,-0.1866923495657526,0.19330195992337945,246,-0.34320964369251233,-0.4372671837752125,184,0.7261794566552255,-0.11295612058776021,97,-0.8799794855874711,-1.6160903376652038,135,0.964316180953186,1.5719799890306414,231,0.006673599360168349,0.17143022708142008
37,True,41,-633.1740062959785,1513.4947154338224,0.4902310084672743,110,1.4325841555600105,0.8442791898024643,304,-0.733187408932753,-0.2167464552333679,297,0.7704200885043936,0.2249157087111027,129,-1.2789630024206293,-1.2441337561579915,54,0.6897979980236189,1.6519488953983523,272,0.13770576379026497,0.09805031894972055
38,True,37,-1810.3313322262702,3867.8093672944055,4.594138674354264,440,0.38132129669702264,0.37048183269989904,239,-0.28722335968840457,-0.42421953494521913,152,-0.18167100697004288,-1.1005736390844705,49,-1.9142818559061257,-1.5979618336606567,153,0.9132726321642043,1.5094963703699362,133,-0.34175223950602496,0.03033846392519738
39,True,48,-958.3195495610839,2163.785801964033,4.264675967937398,349,0.9237937514643202,0.3941209817255924,349,-0.6380166592187072,-0.4605053846565371,282,0.16544818212121884,0.24522062606774087,84,-1.7909936870102376,-1.705740473719971,86,0.9048670555532891,1.454843022319188,16,-1.8400426803798464,0.3060540840962889
40,True,43,-912.8689647887734,2072.884632419412,3.1352682887647454,346,0.8977656308371471,0.3406314823851416,88,-1.301862430533402,-0.8254087639546881,272,0.15688770388456927,0.05103875419962317,148,-1.4393993744115476,-1.227520610479408,103,0.9143979531907198,1.63768956804811,209,-0.3938319231562688,-0.08244677213768903
41,True,28,-2162.6052248848955,4572.357152611657,2.8712808258764952,129,1.4031242734487281,0.9707467870015203,181,-0.9777574498842533,-1.142784475086993,381,0.33465584429775075,0.1881960581019133,36,-1.5293519159988997,-1.4312054371306024,183,0.4137906293008162,1.0658383899886468,256,-0.30877085294655787,-0.3581181969551129
42,True,34,-877.9011410117137,2002.9489848652927,1.3474678650792793,123,1.4549402930107924,0.7972000795468679,336,-0.637970562935442,-0.40471572606413775,284,0.7645839960176102,0.3296030029722031,98,-1.7251656798866812,-1.1098909945772177,49,0.16664328230216555,1.4799974462236294,276,0.12992567573618918,0.11669080984160626
43,True,32,-935.1061439853897,2117.3589908126446,0.8752132775642378,118,1.513793873659805,0.8751548825295237,269,-0.6861215805060482,-0.1654099929195728,321,0.7732114669435052,0.3738003980705446,185,-1.3463445074435718,-1.3152164028553095,12,0.28001629105441245,1.410738184141509,261,0.14480448119289765,0.21868281364283132
44,True,24,-1440.3732153535514,3127.893133548968,3.251416883624256,113,1.4447125292529617,0.9286952874172681,314,-0.7149384885868733,-0.74759789645811,176,0.0814315212522792,0.37717843352865826,46,-2.3746723163953765,-2.4883104882010842,189,0.6538346724316673,1.135812545921983,328,0.23479532401411132,0.06363912995827192
45,True,38,-104.41925954886995,455.9852219396052,1.5483217116775083,159,1.228116365611741,0.34203761038708075,372,-0.65958600791894,-0.32813839435544717,181,0.616223964287551,0.37157893215947646,98,-1.6606411818040425,-1.2990904017514948,110,1.0031642710912987,1.6164037174742996,246,0.1781037555318898,0.029765247256160095
46,True,31,-736.5784597976962,1720.3036224372577,2.3159641749399995,126,1.4471857754344506,0.9026493460197336,328,-0.5935130010980111,-0.43618505662833723,288,0.7788240637744434,0.44179981526250844,100,-1.616795492043779,-1.4656123985997866,46,-0.714067928046365,0.9336151945413775,278,0.1739825957388499,0.17161778764776567
47,True,63,-1011.7171111998872,2270.5809252416398,3.954458905493368,351,0.9011524652151575,0.3012448001569291,24,-1.9423678686432673,0.32884438484973466,269,0.11651443947201817,0.018093894180278503,143,-1.4483281249223308,-1.2076526125877223,107,0.939842030992639,1.6148403717222009,272,-0.5079138278326346,-0.24559059754719356
48,True,33,-1752.7972135475381,3752.7411299369414,3.1442075604795057,153,1.2025198422442014,0.6095250594825709,110,-0.7430672810613452,-1.0207604598580273,504,0.15335999888091492,0.30201549561963886,132,-1.4338592610173602,-1.8367390111024677,107,0.9849527842568769,1.6131686050259773,160,-0.3216118727105598,-0.20655162218375303
49,True,41,-1933.2122335186764,4113.571169879218,2.2173043567665123,166,1.1036383274485848,0.22880583755464431,301,-0.4473755431208485,-0.43289220555865837,206,0.3624745466282037,0.7678850019978133,108,-1.4237670297011933,-1.2411022130281655,88,0.4642910433153767,1.4656698352137447,297,0.21375603065157295,0.02945947517475412
50,True,49,-158.9222654413673,564.9912337245999,3.2392337896646097,322,0.9533166938299923,0.33687523393354013,231,-0.9333434184810853,-0.5810863301171469,250,0.17394418656131555,0.120923224513221,93,-2.086560690733345,-1.6887091972721824,115,0.9318527070590135,1.567967206729687,155,-0.2641096396384558,-0.12085640276903982
51,True,43,-1070.4905316752431,2388.1277661923514,2.966870667734969,63,-0.7706783384949893,0.6872410903423892,221,-0.5265983172216546,-0.37090153893598116,360,0.8934805483559267,0.24052410339720728,165,-1.3148307953803064,-1.2178501173151512,113,0.9144567961151038,1.6009697667757585,244,0.12145378942090874,0.04575206064241698
52,True,18,-2256.883707268898,4760.914117379662,1.9243753279940234,53,1.452787661801995,1.582115598753615,365,-0.6894577533492546,-0.5095323854645603,152,1.1655239322242112,0.27144320220575485,61,-1.3774477576488477,-1.3720788391814995,200,0.5446470576181951,1.1821809662671905,335,0.21460521640189786,0.028240928353941375
53,True,44,-827.7768316459761,1902.7003661338176,0.5534885007572296,131,1.4881303328719409,0.8562034576560329,279,-0.7351687891879385,-0.12852689811655774,247,0.7685055498718594,0.22552816479553167,181,-1.2526348318757583,-1.1586999477709727,50,0.8186887393923272,1.5780966796701852,278,0.142001575596004,0.16664733081103053
54,True,49,-1405.4027877595718,3057.9522783610087,1.3921985756105348,129,1.434441879763636,0.8968788081624227,176,-0.5192297456824426,-0.3271456697002596,141,1.0052503909762618,0.5128538276363752,186,-1.2570502755017288,-1.158952962906451,66,0.1383844670558654,1.402100272106841,468,0.13386181589623486,0.12031150478615245
55,True,28,-925.3357271675195,2097.818157176904,0.727492197974884,118,1.4811316173171365,0.9774322101021085,310,-0.6627792680564117,-0.11098648142457379,230,0.7824876838694029,0.11893895367677547,160,-1.274699321243256,-1.1802085273732579,79,0.769694503370278,1.3447355665115526,269,0.15640689285399545,0.08657913255278404
56,True,33,-742.8765257122799,1732.8997542664251,1.2018558714827523,139,1.4256718748791442,0.9372616173867886,305,-0.7515727725741392,-0.28899380951676723,132,0.7023031800432427,-0.1497208683857824,143,-1.281286712928019,-1.1727743807166293,175,0.7670847337826059,0.9572352829668697,272,0.12494151016155246,0.12536365943090724
57,True,31,-1582.8433240148154,3412.833350871496,4.218240446664543,310,0.9185608353926533,0.24548782460048074,147,-1.1277489331144628,-0.9316335705598038,250,0.10658428489677801,0.08602814140050868,63,-1.5793232269523458,-2.212720342574522,162,0.9588176874555272,1.316807634350329,234,-0.558153314231986,0.021880929759382457
58,True,36,-2150.480881838138,4548.1084665181415,4.118600633918394,133,1.4474371215253563,0.9274055629877282,10,-2.699621149963007,0.08579665243914689,580,0.2653842267146186,0.24629426118927003,134,-1.3864347354425892,-1.380875235149768,116,0.37049046584611894,1.3871699076237785,193,-0.5262247951737083,-0.7033135238286888
59,True,52,-1091.381782738301,2429.910268318467,2.821225513124657,333,0.9217178390974321,0.4968430116390175,71,-0.7035995628637515,-0.5533427318230176,247,0.12265322447388355,0.006740801143827495,276,-1.117739973613038,-1.250685172216547,109,0.9711419751229258,1.555390864642295,130,-0.5261507699406223,0.33224154029234493
60,True,37,-1567.2136509881104,3381.574004818086,4.390750288681725,349,0.9361016689637556,0.3204988625066438,24,-2.5014703929040945,-0.6662279614362911,259,0.12394057587616349,0.09991924074594838,129,-1.3402633050685793,-1.3011676236091754,97,1.0574943373876202,1.5765057899922639,308,-0.6037422964199795,-0.10346842860540396
61,True,66,-1168.0663734252203,2583.2794496923057,2.8450760181691974,332,0.9485220507094413,0.3480882833200363,83,-1.2507661763503237,-0.681748104398433,240,0.21726865283650348,0.1116479620779969,161,-1.3567829544775625,-1.2546367703197154,98,0.9538061048160366,1.654299930132458,252,-0.37406019013334885,-0.0693711092644344
62,True,42,-927.4320428049857,2102.0107884518366,3.070544421773502,59,-0.5766011242221701,0.7161236483296822,306,-0.6059050098283659,-0.5132937360705796,333,0.9146400755659425,0.293337668542675,87,-1.6340410770708478,-1.3837812208989715,109,0.9976443697181289,1.5816018070939395,272,0.13396944612119396,0.0707519687078115
63,True,39,-1855.2077599300728,3957.562222702011,3.767269290243269,139,1.4219347538323772,0.7448065082716275,219,-1.0293576576994545,-0.8757610914293913,633,0.25200970373008286,0.14656036968983585,37,-2.2974571604526304,-1.9629386078641557,66,0.5101710052907885,1.572768282245606,72,-0.5947428714945066,-0.4905204394201209
64,True,57,-640.5347676709347,1528.2162381837347,3.439548410117232,241,0.8953052530408856,0.14159006140001537,278,-1.1603646286893479,-0.7087812709012747,280,0.15533880167259756,0.16821414769178475,33,-1.75427173681764,-1.4659263981277417,184,1.0889124329521076,1.3261153993507282,150,-0.27694053663348583,-0.08761667071225182
65,True,40,-840.4841009954155,1928.1149048326963,2.8834270394301202,319,0.9192157564047435,0.3332902920718094,28,-1.1664586330360975,0.039193339875158474,267,0.16539321078305544,0.07555752876349944,218,-1.3693315028256008,-1.2653099072727858,119,0.9823836093382263,1.6214157186944271,215,-0.4183985167809554,-0.2033319467117799
66,True,61,-1201.693365904741,2650.5334346513473,3.1451629513100743,355,0.9610914213169125,0.3314277849920374,305,-0.6032823346866601,-0.40439212474342445,25,-1.0486132977695684,0.6917103324462331,138,-1.5033772767290083,-1.3387140962544768,94,0.8057535263996439,1.643526338287708,249,0.15995600729611176,0.11065788917425617
67,True,36,-1479.4900775688388,3206.126857979543,3.0968777578613516,343,0.8988627442955663,0.3338264486554943,36,-1.0201620043805897,-0.7461517749242743,264,0.151442700850812,0.14422135935682692,153,-1.4185160198221085,-1.187958675851031,98,1.091325558081558,1.5196893093170754,272,-0.4976603584359614,-0.07009854319283562
68,True,25,-921.7930951672708,2090.732893176407,2.3104363970377837,55,1.4670130641399894,1.5858560284642769,290,-0.5263605037428479,-0.3109295422692877,352,0.919665332174613,0.5506849073730705,170,-1.2175398722592197,-1.2249382801984945,26,-0.09559557508826766,1.1896097212625112,273,0.1447735129001847,0.17295442066224537
69,True,43,-459.54540122842764,1166.2375052987206,0.5347778560975696,75,1.4206083123720084,0.6354849184472587,301,-0.6437853869475005,-0.2744400645575945,262,0.739273509656008,0.22998182365833444,147,-1.378812191720189,-1.266574429646999,118,0.8070959343471809,1.5793697528695885,263,0.15066507785187372,0.1355104917436136
70,True,44,-1104.5113421285773,2456.16938709902,3.2673675464690817,366,0.8913320178801961,0.33962225602278484,281,-0.5696676486003859,-0.4344425537253284,242,0.13376572761269676,0.016474449985879217,131,-1.6803932357080191,-1.480930331833121,105,0.9038543171677369,1.590236218378604,41,-0.8392915431476149,0.4276134299108867
71,True,58,-442.54991278268096,1132.2465284072273,3.5014594610271796,282,0.9550551274460392,0.2817236170014258,268,-0.6874918125738759,0.019363587695662147,279,0.1846961517878736,0.1909881332583889,96,-1.4469754128879584,-1.7379910953721716,74,1.2653308234933647,1.6366171180582247,167,-0.44247292583648345,-0.4953142053388566
72,True,42,-1276.2826010196848,2799.7119048812347,3.1957630980757226,373,0.9023605586806765,0.34172234069569585,254,-0.44613736056283204,-0.19924676702483107,31,-1.0353035005847304,0.6557428591745226,190,-1.3822218432735878,-1.2997636292270809,91,0.9580969836488269,1.6436441599267164,227,0.16457245610751822,0.1307631531362538
73,True,44,-1399.3485771728124,3045.84385718749,2.952561170827239,222,0.3807300010144044,0.94979041270223,282,-0.6439996005355306,-0.6132244456451222,259,0.6051585738245051,-0.19025423971816693,92,-1.7182475764872827,-1.7982903708132563,100,0.9467857437735131,1.6343178109337875,211,0.20222239674277992,0.3012541050584487
74,True,23,-2232.890509909198,4712.927722660262,2.7400409504449894,118,1.4789405415202128,0.9399540259065914,266,-0.9256588542503671,-0.5057371488976533,484,0.3108092784372987,0.17716223711482756,71,-2.0336980026028404,-1.141811035512858,103,0.613011300476101,1.435535882324492,124,0.050648178714189536,-0.9214543132633943
75,True,47,-771.1435179471846,1789.4337387362345,2.7946055596327843,118,1.4756684136414844,0.8490782179479233,28,-1.2630600972589319,-0.4356130599539195,308,0.7609948882878311,0.44276110190449003,185,-1.3317378940186495,-1.323385983324353,236,-0.5102034163157906,0.04048799066150743,291,0.14665499682430805,0.1649737406245483
76,True,33,-2151.978136595887,4551.10297603364,3.497730972512123,59,1.448787182640312,1.564966890579353,197,-0.5483351317650407,-1.0020411039763177,577,0.34841821096095066,0.2048492778754626,79,-1.7203135898784911,-1.7171107212248573,180,0.286120504724538,1.1392120449281542,74,-0.2164260551974643,-0.21816017661120293
77,True,60,-570.6278826615624,1388.40246816499,1.0123965678569562,92,1.3932217294737703,0.5437029547391721,335,-0.7074100886660255,-0.3636298346034775,284,0.69294824059161,0.3210122614051825,99,-1.553904533982317,-1.2819988877243926,109,0.8814072895999352,1.6236163502679188,247,0.08243915559016407,0.07107507464537008
78,True,42,-904.1959080986445,2055.5385190391544,1.6062096636042298,131,1.4557396486808531,0.8749556327890625,241,-0.4515316395681727,-0.2244773385656493,305,0.7521400312797799,0.3273342581785995,197,-1.3825895764939538,-0.9777914627967773,28,-0.0899385404086334,1.2995886039876106,264,0.12410332779026068,0.06874898461465934
79,True,38,-1319.212269439326,2885.5712417205173,1.1406013956825887,144,1.375369858196876,1.0255460716878408,238,-0.5716913539517714,-0.31346417129046866,143,0.9616234044668547,0.4390297793257757,149,-1.313923899483266,-1.227717581516991,62,0.32031217620834884,1.4372351448805354,430,0.1517580671368839,0.09379523122494404
80,True,42,-1302.0197804184427,2851.1862636787505,3.8033349918089594,516,0.3720985835651859,0.41713114529839074,239,-0.36767302976692,-0.43627991489937584,62,0.37357455662861194,-0.6593570904825752,103,-1.1851828494637333,-1.6297279618332579,111,0.929867180952655,1.6121618403365905,135,-0.40618152227969306,-0.13871875918173815
81,True,67,-1143.7380202845056,2534.6227434108764,3.934073519134295,374,0.8391628683343644,0.3215504886115343,26,-1.8660946773778757,0.4021577601797454,217,0.12769379809274484,0.08575146330842051,153,-1.4220591536519915,-1.327443781967159,116,1.0099640643420082,1.5346276531282343,280,-0.5386956868956083,-0.26096117904224025
82,True,45,-1266.231433831589,2779.609570505043,2.817118358377693,351,0.7663205810364434,0.34195414575166416,60,-0.49151347697794073,-0.6107708830145911,91,0.1372978909037772,0.2570853098448201,197,-1.1131716539794554,-1.2131841288291505,122,0.9006706341095623,1.5381172383878126,345,-0.32944309953024886,0.0755225062405284
83,True,30,-1031.8552978993466,2310.8572986405584,2.8068923699496384,320,0.9524866677893069,0.29108972524246335,312,-0.5304464001780088,-0.3636619281850832,247,0.20281490073940345,0.15516045069770423,157,-1.5091372345787444,-1.3353977297767803,111,0.937353408644496,1.605672887999143,19,-0.5898837079394161,0.6150312666590123
84,True,32,-802.5371318010309,1852.2209664439272,1.0025051868499815,146,1.3924760351169931,0.8125815458510872,286,-0.7250388775852317,-0.250309708708539,283,0.7366359269207984,0.37448935720048365,159,-1.2321956777946719,-1.2129441476348317,32,0.18292009091579375,1.3475797878295157,260,0.13091655031014462,0.11424036608077703
85,True,41,-1102.9344277914688,2453.0155584248027,1.576518980737287,217,0.9297680868028513,0.7112445262593585,320,-0.7711038355322914,-0.35892922431872354,165,0.8288028307543063,-0.20379839690941165,113,-1.3736337945415453,-1.2474180617309467,104,0.9789798674945683,1.6266482946991185,247,0.07372700298761437,0.031392453410735564
86,True,36,-1203.5925314293486,2654.3317657005623,2.197415816155226,262,0.9241018896903405,0.6651674764493448,306,-0.8107271482420024,-0.3439973333729658,177,0.31439428104935724,-0.47072456589112627,83,-1.6760918297733647,-1.4970084792655542,112,0.8982173336837737,1.5716291485507452,226,0.14634699619981312,0.04763875027000418
87,True,22,-2224.0098673420857,4695.166437526037,3.9717151949824507,122,1.444647615173219,0.8065227586014538,204,-1.0070231587794056,-1.068845476418046,361,0.4315630205375388,0.29682647547862584,20,-2.97929284680638,-2.094878517403608,133,0.41654492602087356,1.3462795482984367,326,-0.21757226220517797,-0.22647922164192685
88,True,50,-1089.0429673050255,2425.232637451916,2.882182463273515,340,0.9384305914077948,0.3706236300481488,54,-1.2941604884344409,-0.2582159402887226,245,0.19315269276904176,0.1374993455393156,152,-1.4419123676690213,-1.3196414861182522,100,0.9436395693774104,1.6287546571016767,275,-0.41711475426099826,-0.23104487112995628
89,True,49,-839.7635450721795,1926.6737929862243,2.985056624458633,131,1.4758962980561747,0.8849208829638033,345,-0.6494816728022557,-0.5276989704317652,285,0.765014378421102,0.4778234468240228,84,-1.6410039892761348,-1.5104966019721329,58,-1.157350821915974,0.7173264636009202,263,0.1919656214581895,0.16580419190691434
90,True,41,-187.9913390470503,623.1293809359659,3.582254317955142,338,0.8924522707581258,0.32412121270180755,246,-1.0195299444060615,-0.6023374989224343,279,0.15100706330498706,0.08302840466112839,61,-2.0663762341986507,-1.5211687633095703,89,1.2294724903763468,1.603252232562645,153,-0.2902817482579577,-0.044123424258873105
91,True,36,-207.9705822814954,663.0878674048561,2.8715661033499478,336,0.9241513304997746,0.3158541114359345,242,-1.0666259430566223,-0.5158002476031286,235,0.17368184930740238,0.09288024546744543,75,-1.6403952902454644,-1.461622348216492,115,0.9161382158706927,1.6161055166435803,163,-0.25811566943978564,-0.1751637631130698
92,True,67,-484.721630976598,1216.5899647950614,2.8742254684433424,259,0.6517077211748455,0.7424677224401373,226,-0.4117612355073434,-0.4578854751262116,154,0.22554742571481032,0.12540162438432464,91,-1.1564209112866684,-1.466208514654433,138,0.8835489836025673,1.5205623788315459,298,-0.2884998925387795,-0.4527365298435973
93,True,28,-1068.2958394500743,2383.7383817420136,3.335352389210793,377,0.8992247286455398,0.3180747957199502,180,-1.1633702424405654,-0.48688331801238527,259,0.09619195454671568,0.06067420470013533,103,-1.6690034953743074,-1.566982250239505,96,0.8758777879594418,1.6513818212608238,151,-0.46211098047243243,-0.24549220050602258
94,True,82,-110.3370064305928,467.8207157030509,4.7912444088420045,161,0.41975418795834696,0.8186681794798023,211,-0.2968697336035486,-0.4025868964378881,140,0.6948566856456084,-0.5158273753002645,230,-0.2721334237284994,-0.9129628650656614,187,-0.3165272739166553,1.031492531213685,237,-0.046877186174467796,0.12602903634053284
95,True,62,-18.448936607361418,284.04457605658814,2.9427878434489108,116,1.4695517119777681,1.075876842423086,132,-1.0719322179230493,-0.21885482290672512,326,0.7569265751330858,0.3911233997699611,157,-1.6038765133567066,-1.51153896223333,154,-0.3322330368824618,-0.12256685927934853,281,0.1182131503325962,0.1548992799296961
96,True,37,-2012.0902604100506,4271.327223661967,2.4409859846792434,164,1.165662342542112,0.3281764412975447,193,-0.39513148508938034,-0.41752781651323323,175,0.34620590492028264,0.7447433477362866,174,-1.2067893939026546,-1.2721118911733151,134,0.30466381682505334,1.3027944323549103,326,0.2913948411243829,0.08945751043305467
97,True,32,-934.5367705506054,2116.220243943076,3.070538267503721,61,-0.8784278424188112,0.7290737232680938,219,-0.5266425215521937,-0.42691267939079197,341,0.8914285007523506,0.28970569590933787,167,-1.49987029507049,-1.2784316588575222,124,0.8736093311011855,1.543325483299407,254,0.14297622704879073,0.045017546043237135
98,True,60,-1107.3082973646162,2461.7632975710976,3.1109748869400526,28,-0.9089547355996156,1.0176446826312124,284,-0.5841966463034595,-0.364253271421209,354,0.9092913384414169,0.32392830905626446,143,-1.6049062621113608,-1.4368067650692513,97,0.850326585650156,1.392185331677959,260,0.1473677153222878,0.1712271680300988
99,True,29,-1963.2173494124181,4173.581401666702,3.801085312477554,509,0.5272166241500699,0.521009037413252,73,-0.9763127078051441,-1.122504120450805,287,0.041568598893590006,-0.28726566252651425,154,-1.2215029467889569,-1.2040016711581656,111,0.9474396853443313,1.654342193190466,32,-0.30674964115823034,-0.20067502566606932
100,True,37,-1799.9679960081285,3847.082694858122,2.8738786250648225,121,0.004781699937531334,0.506207374185689,17,-0.9292424083985205,-0.3218082052177331,432,0.5986930075997501,0.3141648457770769,188,-1.0135204579520989,-1.1606627745118043,121,0.76319959514561,1.615273245997046,287,-0.06322112522165371,-0.2778236615238789
101,True,60,-795.8858786258353,1838.918460093536,4.4120688582727,362,0.9785250400743245,0.6462769773822166,37,-0.5906949053712521,-0.4121388600869727,252,0.19305447057472125,0.19524512006902706,92,-1.5348627161236184,-1.7007318267762814,225,-0.5263918780294905,0.1439593369029624,198,-0.4028878459123371,-0.44781386883449065
102,True,34,-1087.4674415994161,2422.0815860406974,1.797232949986817,188,0.9986909667096607,0.8150168007229935,363,-0.7061429449446825,-0.4679394424073515,168,0.7983601451172311,-0.1054950460568386,92,-1.8332651010099237,-1.3625892908259658,110,0.9234868804132323,1.5987921145094606,245,0.1138598237172572,0.06628352338890466
103,True,38,-1070.194844604769,2387.5363920514033,3.022182619889399,46,-0.7009933084098593,0.6012825685726096,224,-0.45436177550832096,-0.2747863096578574,341,0.9024757604520794,0.23775972871367057,202,-1.259201755936525,-1.1473656625016788,120,0.9749517263493476,1.6029589198684366,233,0.15958349757358847,0.15183796363792243
104,True,39,-2238.6625272447673,4724.4717573314,1.4729113402234963,130,1.4525094147681723,0.8716521348228408,253,-0.5635299466189464,-0.5286035132554451,197,0.8393574831108066,0.23235679137000823,131,-1.2891025928766744,-1.3321953237470578,139,-0.050396118667913804,1.097054544641175,316,0.1388718116771192,0.19660192023626433
105,True,33,-960.1181744476226,2167.3830517371102,2.871090880077533,126,1.4552445608334954,0.9741614572038936,315,-0.7785881319733267,-0.6326208870027128,329,0.7494084696034657,0.4206756410477189,70,-1.7012339039350897,-1.726123104674509,86,-0.7097780741338904,0.7371309422267291,240,0.1395439989840341,0.07274339924342929
106,True,46,-1047.2065441945567,2341.5597912309786,3.730969532907545,366,0.8689621900133139,0.30095888815320526,117,-1.2297387889620472,-1.0718151919999863,240,0.12912848988719988,-0.0007058423254140048,79,-1.7566515185024763,-1.208627090962937,114,0.9120086372518932,1.5933123355935106,250,-0.4798788640959496,-0.09503125047341969
107,True,38,-2022.3816198666188,4291.909942575103,3.5543111749333307,59,1.471879164029809,0.7364325822444893,214,-1.0175025947349217,-0.8923068115105627,679,0.3011331870180288,0.07935523230135523,48,-2.3961462522118486,-2.098464709967875,106,0.7648528175868791,1.6532131266099204,60,-0.5448363473575157,0.28229919251405367
108,True,45,-783.7959628664732,1814.7386285748119,3.5691070124987245,125,1.4169629644495898,0.834519685416863,143,-1.1216137250181217,-0.6232531509643764,305,0.7586724241377587,0.4737778152726393,63,-1.9201116619856675,-1.8422919100162565,253,-0.4317541666286249,2.8970184585340985e-05,277,0.142133630693246,0.06794896309846347
109,True,55,656.6722955153523,-1066.1978881888392,1.7610878810629025,112,1.4794768783434618,0.8654849898772259,376,-0.6936983146503924,-0.24856649895105734,173,0.5997879236527549,0.44468102382857,98,-1.570718838946068,-1.4991144938804364,135,1.0396324009981104,0.43676187993011945,272,0.1599434463074014,0.2292369136447576
110,True,43,-1102.7832740151323,2452.7132508721297,2.1979622521963664,73,1.410156821445096,1.54612081316567,446,-0.33268675720553614,-0.6332515949650317,101,0.8470437658881435,0.3166110289262122,74,-1.4013838481508718,-1.4278222814789598,264,0.21084067401450823,1.0459475489652739,208,0.14179066723841416,0.21196586911299897
111,True,43,-703.0780103066111,1653.3027234550875,0.9175525286501514,61,1.426782819645675,0.81871008324897,356,-0.7262420562907667,-0.35469945588533197,317,0.7297940498757847,0.2785115241006066,77,-1.7880787421911684,-1.5517293501386922,104,0.8258050575222584,1.5957327746777552,251,0.1071407511315103,0.07451199847121906
112,True,52,-848.7247080404414,1944.5961189227482,4.371993253284201,326,0.8995428471095346,0.3430381080515032,162,-1.175666407690493,-0.8081216656614627,283,0.16318279997432267,0.07205914784431333,43,-2.4441377048635182,-2.060414365261204,105,0.9989786716417995,1.6007337620795523,247,-0.4371227842992263,-0.16553520058141513
113,True,20,-2212.0182523067765,4671.183207455419,1.8358691786633794,124,1.4657025723142774,0.9038911654122502,176,-0.6475811906925729,-0.7253140305278968,193,0.8102261373617393,0.5131078830717124,164,-1.2624228464063538,-1.3859488159328843,106,-0.028382130361397487,1.0805809383121998,403,0.0894686044218729,0.0962859320442042
114,True,25,-1450.266725798954,3147.680154439773,1.5926640200634583,132,1.4339615856973493,0.8319095712138769,354,-0.4510194572486808,-0.3860786154990419,122,0.9962654577070065,0.5291549793851109,138,-1.4962874035892968,-1.4764094539765893,104,0.27295389810227166,1.2326030173817546,316,0.20303786849876806,0.22694836707796426
115,True,67,-220.5704767990838,688.2876564400328,4.144928884439504,232,-0.5056413929923075,0.49334047990127566,240,-0.27085457060184653,-0.3542694468581883,214,0.6199867821309425,-0.19229092596023917,147,-0.4914499379642729,-1.1362244387277423,120,0.9314006952012492,1.5732712237425872,213,0.04452486463925616,0.2098064356988813
116,True,40,-2177.9015398993424,4602.94978264055,4.230548920332183,135,1.4237857350438736,0.8922864894690022,89,-1.2025604374661798,-1.0339986498519702,559,0.17658267356694599,-0.12125088730032242,59,-1.5309232627708085,-2.0518343801244034,216,0.23712439923994458,0.7051618025725197,108,-0.6740983921046328,-0.15338959400005053
117,True,26,-2382.5520313780826,5012.250765598031,2.1279951138033972,134,0.5967167336179537,1.0342784639471532,414,-0.41693635386339717,-0.34900464739117676,134,1.0525727987319429,0.1603517056218134,133,-1.455453921545603,-1.5147525856252915,93,0.9892288496719508,1.6604563188116657,258,0.20520126288657844,0.22558567429082949
118,True,36,-803.4523748951108,1854.051452632087,1.1082339329918895,129,1.410886212756094,0.9408036069529283,277,-0.6609081944566303,-0.3136664894973677,312,0.7083155182305959,0.3247323276281089,138,-1.6617544182762547,-1.4142193690164695,42,0.2441242924990057,1.4306986053870172,268,0.10938832978646931,0.09943063077906378
119,True,15,-2027.7106839654764,4302.568070772818,1.7281353482827524,66,1.4190113460217222,1.5635198501066236,314,-0.5744408154465167,-0.5191944579421074,184,0.9265598177711994,0.14737492033233762,76,-1.5673799066372216,-1.3630625345723095,136,0.5023038099167572,1.2677742931557665,390,0.1472874867665783,0.15177654793921938
120,True,36,-804.8620169003816,1856.8707366426286,0.7457023088512965,121,1.4642893155241643,0.9141961849774141,356,-0.6084111810420398,-0.36118054966942936,230,0.7693851676311178,0.23590279573029843,115,-1.608402190238839,-1.0252851222516022,62,0.799201458067547,1.3345426992025924,282,0.1805589832676408,0.15536696730479305
121,True,43,-970.2350169744349,2187.616736790735,0.526760583439315,120,1.4673823568829696,0.8660112604220224,394,-0.7133866016810801,-0.2523243853787199,193,0.7538698924939606,0.1360268066137483,77,-1.4573532283091992,-1.3044470572059559,125,0.7769423551731426,1.2439640404463808,257,0.1522648871477333,0.11753661831151127
122,True,47,-1028.4520999234146,2304.0509026886944,0.6619343052814617,117,1.458187149187824,0.9129602950244708,326,-0.675114397883607,-0.21787747096458346,296,0.772358417956962,0.411105847238838,153,-1.312934683297239,-1.2964352406347368,30,0.45724783402234437,1.3458489944452692,244,0.19092288885018174,0.1622665807951787
123,True,37,-733.7861671837453,1714.719037209356,0.7986730649000411,139,1.4384326758087744,0.9168349130196025,342,-0.6606466532657215,-0.422188682118923,242,0.730956266390319,0.20621401109340573,106,-1.7739987794358303,-1.1059097473975015,59,0.7234005544671972,1.4529639352350652,278,0.10977212656686927,0.12028872103813795
124,True,48,-1852.1073441999642,3951.3613912417936,3.2943354881873095,243,0.7558157942842496,0.7406664504760216,48,-1.2282428564456014,-1.0681184828361006,335,0.20256693363556508,0.20734225522846453,98,-1.3646587644089212,-1.3824726354067198,99,0.9078926128509838,1.629068633540493,343,-0.2722377029411025,-0.4915703344944324
125,True,49,51.54100577391508,144.06469129403513,1.714506732529304,184,1.188859741960535,0.2869718697704416,221,-0.49474177505933686,-0.15606071828935844,174,0.5528718099994586,0.3549573876941664,196,-1.4904068692590084,-1.1026156779216822,108,0.9308540600835364,1.629689233244668,283,0.10112091269086111,0.01504473141460192
126,True,53,-841.7306104666422,1930.6079237751499,2.866681287015313,136,1.4694959346901562,0.8652618283645305,45,-1.1377333802063394,0.04788507790081544,301,0.7605289921881323,0.42772927479367684,218,-1.3463104769943544,-1.2140726061715754,203,-0.4609742819255093,-0.15819521178339324,263,0.12175162961774746,0.11180929186578983
127,True,45,-967.2370432637233,2181.6207893693118,0.7736024953860409,142,1.4309121452134614,0.8456137928969867,309,-0.7740104047025355,-0.25358656336603613,303,0.7408250655538847,0.3030841186342886,135,-1.3389549087733976,-1.358069094574486,33,0.2926943646559898,1.3790926536827979,244,0.1067505886111625,0.08990253526600125
128,True,35,-916.7156603710542,2080.578023583974,2.0045047708977735,300,0.9420056927912388,0.5351206226749103,369,-0.6706629165283391,-0.32082557381917115,32,0.3366995055025172,-0.5103966920166569,81,-1.456976168295036,-1.3897415286046741,108,0.9049104273713285,1.615499547541137,276,0.15305964861244306,0.0639801755910271
129,True,36,-794.4307840950607,1836.0082710319869,3.0906197792515706,162,0.3726009167951469,0.773242794054935,247,-0.607047554849516,-0.4403492204066933,311,0.9182484518073346,0.2536998760569071,105,-1.6389641659642378,-1.6715301594570449,72,-0.34252537016642365,1.173536435689449,269,0.15752909375297833,0.13070394973566954
130,True,53,-266.4107233753862,779.9681495926377,3.6645839295818288,343,0.9230373961013622,0.3413718389002605,255,-1.0584085790534188,-0.7289600596489045,263,0.15735450177108057,0.07069055097381595,55,-2.2419411353916234,-1.3876267830523759,107,0.9012563313767,1.6627740346801854,143,-0.2826343449077686,-0.23925974735873154
131,True,62,-863.960732764151,1975.0681683701673,1.8707305577843358,68,0.5298666043677562,1.2959292888584697,246,-0.536125599378972,-0.1990722548500302,318,0.9208647050023285,0.20628915343486456,191,-1.1792358512114567,-1.1155936457431816,95,0.8798719311274419,1.6182529985020238,248,0.17380900620507245,0.08380744390606082
132,True,46,-1227.2651209700257,2701.6769447819165,4.150210611397245,42,-0.7127610355169036,0.5102220187274105,379,-0.7336745345502522,-0.6193979961057584,373,0.8774548687636384,0.2683167804705665,45,-2.3406984362388066,-2.0000444550318357,116,0.8998083160578517,1.5801273916033856,211,0.12811523697459437,0.03759977379246932
133,True,33,-863.5204890900834,1974.1876810220322,2.8427643732498646,57,1.4087184219508657,1.6020766247809768,257,-0.6371767477587746,-0.41149007580101,389,0.8919404588394491,0.36392107405027385,155,-1.3637049003625141,-1.1552434689560884,32,-0.7527056835616706,0.8673981626868167,276,0.10233002322760755,0.13848755306552382
134,True,52,-1182.2426707056834,2611.632044253232,3.2021752995491153,47,-0.5325662929554428,0.7657025937816411,330,-0.6400771129506649,-0.48118280982976425,367,0.9046720909075643,0.3097418686731175,94,-1.8435506761579337,-1.7051000477605636,98,0.9169798219761071,1.5853882020616434,230,0.14791186416186897,0.12594439991964468
135,True,34,-1472.1069324683735,3191.360567778612,1.6062416763186151,127,1.45073097799332,0.8152059661085392,297,-0.537503715342273,-0.46523914905739744,145,1.0037034091930557,0.5092460735630756,146,-1.4507186043981712,-1.4513277401733986,139,0.14860866474664652,1.2321667718847555,312,0.19761942387381065,0.17570812769324046
136,True,61,-1839.923605337327,3926.993913516519,3.334477801744595,107,1.5292778056015348,0.918046811069898,163,-0.35696267168529394,-0.6517092630393202,142,-0.3158177616336564,-0.2030647952391431,109,-1.714185435816496,-1.2133896101987578,302,0.6988356816061471,0.5382039888546966,343,-0.1079718206037929,0.12651897399065512
137,True,40,-1120.4179775172838,2487.9826578764328,3.1060233191354643,49,-0.7385228446271513,0.7141224851878768,351,-0.7239925855352167,-0.5833788548082154,356,0.8959412876831467,0.24172947944970438,58,-1.5144258096155994,-1.3798245090590708,110,0.9317586984060822,1.6081544116606097,242,0.13748578222686805,0.0754907415673587
138,True,30,-1200.8933368441826,2648.9333765302304,2.041830154851779,241,0.974630919655531,0.7198220888793,20,-0.7851389872368282,-0.18103102192547202,245,0.17923880465457498,0.07143525004875904,185,-1.0762157108344343,-1.1213111696154647,101,0.8809987834827839,1.649389841216253,374,0.008715745106691618,-0.08920596328389296
139,True,31,-981.3589399550322,2209.8645827519294,0.8258149620612355,116,1.4940121473357346,0.9445971719918194,326,-0.6939491629020846,-0.3310810353708292,249,0.8060471134039267,0.2543986107580617,150,-1.1916899784921946,-0.986609614952468,63,0.5557666429604428,1.4343915324294774,262,0.17696212430639924,0.2071004196736301
140,True,28,-954.41391386183,2155.974530565525,3.679545240866425,346,0.8829009827976191,0.3080316325609709,71,-1.1409318567466524,-1.0280604449173079,256,0.14649952126301996,0.10756095669173761,115,-1.7373061668067455,-1.1945709405969929,112,0.9759884216845317,1.6135612848495247,266,-0.4708019249753367,-0.22920866454404834
141,True,44,-1000.8497347310272,2248.8461723039195,3.7086786185682543,358,0.9151371855864386,0.29918525644593247,29,-1.5760703707653916,0.3275301897041241,270,0.09924519511482734,0.002141578040241157,149,-1.4777026640467044,-1.2039817475016572,105,0.890173950297744,1.6730765217393229,255,-0.5140993954072509,-0.27888300149592726
142,True,35,-900.0030963464884,2047.1528955348422,0.5134433837076611,127,1.460898220439448,0.9064145035943879,313,-0.7450691437825772,-0.23020591137269641,245,0.7134577443254629,0.145309696209111,133,-1.3339864901895437,-1.2065940555405843,88,0.7646986972882761,1.2838916843766743,260,0.11362113762974842,0.10626181794406603
143,True,63,-975.01593494743,2197.178572736725,1.5988733092108383,132,0.7905402311076388,0.6714325094115614,231,-0.5156470206642961,-0.16890374080197348,281,0.9529375241916967,0.24744991336829308,200,-1.163348551218903,-0.9672007150175675,50,0.7007809472442682,1.4924900647235342,272,0.12399557817354866,0.1742675883247444
144,True,66,-754.2184613215629,1755.5836254849912,4.431070346268744,349,0.9885167953167677,0.6520021049045117,29,-0.5372169821047419,-0.23676167893899966,261,0.1839698127262186,0.2146530645525345,88,-1.6928825620740224,-1.5068236810692943,239,-0.5320978628202528,-0.09370999210148634,200,-0.3163209539330904,-0.4102397389624557
145,True,47,-982.8380052053749,2212.822713252615,2.2033131860029997,65,-0.11832538619438365,0.6897233152978013,215,-0.6025478404646726,-0.43473615687930944,363,0.8748704554914459,0.22713167068385395,160,-1.388437358660231,-1.266562328426159,108,0.9041133276142073,1.5818504647243405,255,0.133362068168063,0.05202409480798609
146,True,56,-38.80556302340343,324.7578288886722,2.9919756569445077,125,1.4569539420674849,0.9433329248874911,226,-1.0019862803884527,-0.3433733172291571,264,0.16410135724961042,0.17108506301879975,97,-1.7328438077403936,-1.6926029788240897,299,0.779723382382143,0.4680383331811216,155,-0.26684950435634824,-0.13388212326469054
147,True,63,-109.76813055492612,466.6829639517175,2.946578482666212,125,1.501541478257849,0.9870970459251729,187,-0.4476242344958715,-0.4512447000769661,237,0.8009430774583856,0.38431946136902195,88,-1.6900147486705055,-1.38453280770518,264,-0.5840214497214649,-0.05387170531121491,265,0.15821869284967577,0.1553947391362051
148,True,72,-780.0283991378969,1807.2035011176592,3.2295791085897156,134,1.4030557676319524,0.8829919379162523,84,-1.3048282293068378,-0.6990740403062559,311,0.7390291459889795,0.39853572560550826,102,-1.604955800919412,-1.4064438263542185,268,-0.47586241645428046,-0.13599176438292468,267,0.12462673007619066,0.12582598346455687
149,True,38,-861.6547712051135,1970.4562452520925,1.6711814554234499,133,1.4425811328544704,0.8109932469317511,315,-0.7369569995576196,-0.5469906606867517,329,0.735555079074676,0.3389388788660393,94,-1.7473796686814411,-1.1970413505114854,28,0.01426489758469197,1.3368156317499542,267,0.07059940291294328,0.13789744962927805
150,True,34,-1154.9979983691956,2557.1426995802562,2.334996495950703,220,0.996857165337644,0.6851580094625029,185,-0.9328287276865949,-0.81467401766516,298,0.10088370494521186,-0.04744734182437974,107,-1.218850100891259,-1.0929170593850766,116,0.8967803127773895,1.602946260748407,240,0.151933889906658,0.06710987544445503
151,True,48,-1131.3348470119772,2509.8163968658196,4.242661508291501,369,0.8673592412813453,0.3658794900743596,11,-2.306903864567201,0.3391721552610481,231,0.12069764632025554,-0.02571121735535734,173,-1.3250359899639983,-1.2004951934275307,115,0.9135217782429257,1.552644800502375,267,-0.5587257585828275,-0.20968007896981652
152,True,46,-1059.8354522741156,2366.8176073900963,3.4417309830013005,358,0.910009624073265,0.3477756552877085,29,-1.4287442030572115,-0.8699346200515868,251,0.15706651727137294,0.09480498235247244,146,-1.4703765522161643,-1.345006042252033,95,0.9654770802094026,1.6473425006809652,287,-0.5297429682045075,-0.12522180736608718
153,True,52,-924.2947431281858,2095.736189098237,2.4254335030602947,112,1.4706511263540782,0.94951640557221,241,-0.475460002681813,-0.29303487151981494,325,0.7880405736368602,0.4487509671120786,168,-1.4239301175773715,-1.2892088549162266,58,-0.9800543243546048,0.8578411243162217,262,0.1579852319966995,0.1026669640789797
154,True,23,-2147.7440811719007,4542.634865185667,3.8502745320501126,62,1.494210646021897,1.6023625150818783,272,-0.5668872315696348,-0.5606885067845988,207,1.0096348931213386,0.2590111778128121,89,-1.3852947106676652,-1.2030979088834954,16,-1.3875355006741443,0.7897084245080332,520,0.16949968918075017,0.3543462046021818
155,True,46,-277.8747905807236,802.8962840033125,3.753568326389417,366,0.9198416378465031,0.35053941639213876,243,-1.1499221579404517,-0.8358299795488979,230,0.11740137032090173,0.07298905124386593,44,-2.1421778938894365,-1.2770395152246503,103,0.9148446239290707,1.62969998473081,180,-0.3466325205067986,-0.22150131492050013
156,True,39,-885.0792651547185,2017.3052331513024,0.5698304881194346,132,1.4243870405822614,0.921936154638805,363,-0.7015789868278508,-0.3076569377354292,278,0.7519365419185567,0.3208939664762436,94,-1.4997077848089198,-1.3613768994733975,48,0.5075875510722527,1.4469248600999454,251,0.1375828391471508,0.16512619768895262
157,True,70,-1110.467839870791,2468.0823825834473,3.6496887753901883,373,0.8872204245932922,0.3700149620397602,257,-0.490687029954299,-0.29058103481858266,25,-1.5121141640498743,0.6042085306719621,168,-1.4203324088331897,-1.251675647315533,100,0.943792964046924,1.619128449868182,243,0.13224063528007352,0.08220304846211479
158,True,36,-805.0907152843096,1857.3281334104845,1.9369002840543048,126,1.443957936134686,0.975935036731908,341,-0.5936052042555893,-0.2562182021177055,302,0.7630103853048007,0.4014466143565704,116,-1.7130327899728721,-1.4732543058885155,8,-0.40649120984239745,1.2528556446952255,273,0.15544649210429562,0.12421585998041403
159,True,45,-948.3177992825695,2143.782301407004,3.8355135231113464,56,-0.7041652753722528,0.7510980809529535,310,-0.745146777967181,-0.5946623495948262,347,0.9106518133351075,0.3335794807596997,74,-1.9990277598482704,-1.8513453824845043,100,0.9598734716334182,1.6355918418424005,279,0.1374161648823189,0.05652504995102826
160,True,26,-909.0508953278853,2065.248493497636,0.6432331285082031,126,1.4318132678350433,0.8797475397199308,335,-0.672016337178015,-0.3033982400269037,194,0.7278015192116329,0.07328708641088659,111,-1.408266346317885,-1.2507243793966583,133,0.7358640211932226,1.2609598364150472,267,0.0894163740030992,0.0758587599791559
161,True,46,-593.3142415851894,1433.7751860122441,3.0834554892963295,123,1.475124760075443,0.883423147104737,343,-0.005540490617421165,-0.00026045541576722245,138,1.0187714912380945,0.34511748541483583,331,-1.0791791671560929,-0.7095558366262309,45,-0.10807361786424251,1.2703244872882464,186,0.5624182224007452,0.3838173230387822
162,True,36,-686.8513311923799,1620.8493652266252,3.3239105623717897,350,0.8631573150297722,0.21476806079235194,213,-1.1234706146301574,-0.5642400831126075,268,0.11856784787542524,0.15561785837646536,81,-1.664932810832479,-1.4596552496107489,93,1.17908904580046,1.380761896405377,161,-0.3274002509076259,-0.023893632553890983
163,True,37,-985.490666784116,2218.128036410097,3.703088407613124,350,0.8586575710255251,0.3086573060779954,244,-0.5462873725584992,-0.19129203070951023,84,-0.6625083001804836,-1.2034187218559649,118,-1.662957449916492,-1.1015337919272292,118,0.9151203380238363,1.6276578865494735,252,0.09996242965658153,0.08442116296721003
164,True,49,-1119.796607105936,2486.739917053737,3.3508919488625883,28,-1.0371951390140473,0.640400057598928,287,-0.6478744926852165,-0.4350930426713217,374,0.8690333469381557,0.27352940286618577,131,-1.5952119768811777,-1.3942599667143296,120,0.8784526742908888,1.6092550313923504,226,0.10605531645458709,0.015131718803544884
165,True,31,-1208.0664760052628,2663.2796548523906,3.2825611365741096,363,0.9014132794823982,0.40363280868232854,18,-1.3723461260698389,0.336555294812996,242,0.14117627368072233,0.172446912621805,174,-1.3973714025003405,-1.1935060221769755,95,0.9790223722011405,1.4191439302903184,274,-0.4432389939587465,-0.26791367190849535
166,True,24,-919.1246865976489,2085.396076037163,2.8454269716874445,35,-0.5613585368498325,0.8932976864186551,259,-0.6204073295535207,-0.3674515348573954,329,0.9269553697789734,0.24508225989006566,163,-1.3000605854510887,-1.110294769855507,121,0.988938099358477,1.6053022442827662,259,0.1392119638685269,0.0659042399001693
167,True,42,-868.4440378319234,1984.0347785057122,0.7086437782905116,104,1.4777231980152854,0.977428464425764,254,-0.48301716367043646,-0.14189845058083506,261,0.7869934392624286,0.22965776041281424,203,-1.474427961192342,-1.111569149652227,62,0.7399759416813473,1.5168483913642283,282,0.1805900119029964,0.18202746697757288
168,True,65,-1095.5877672729703,2438.3222373878057,4.225832426176139,357,0.9036043343893263,0.37412359174431786,344,-0.620611798959435,-0.34237121748888083,256,0.1589981485027787,0.032977699047374145,90,-1.552013079615304,-1.3890367601922158,98,0.9073834330724491,1.580452630498857,21,-2.1463515823947934,0.42146948608157453
169,True,32,-986.6940393808516,2220.5347816035683,3.0949640202734274,61,-0.8081598165798125,0.533345067544174,312,-0.6865838747864591,-0.5672044197822261,345,0.8785623367198943,0.2659999215243626,78,-1.4290052943408034,-1.3249483107377833,112,1.0173862574157684,1.5908768277841105,258,0.14538081812371714,0.1041870487568251
170,True,59,-748.8692218535301,1744.8851465489256,1.2650806914722996,69,1.5036158663419927,0.7964936151447275,411,-0.7072108827392478,-0.5340299152733761,267,0.7697760150028325,0.27374140753832493,65,-1.9000909691692098,-0.9920109438832535,114,0.7959705710860213,1.638912610672943,240,0.15636988773945912,0.047211050312548006
171,True,48,-936.9939907255507,2121.1346842929665,0.9424863739488845,130,1.4461261394075715,0.9216502773169157,394,-0.7257826699167979,-0.3296269168216973,190,0.7267476898664736,0.04385634122783475,70,-1.5515613721315715,-1.4677963558147589,141,0.7444789038045818,1.1744201477972451,241,0.11212053928951066,0.08961977371109443
172,True,40,-1109.3373973150142,2465.8214974718935,1.0670341379907193,111,1.1183483998847934,0.7957741394471973,302,-0.6403672168594656,-0.19510686596878238,235,0.809181743424829,0.10209906815011736,168,-1.2520629856635441,-1.2160487986933808,96,0.9693194609449763,1.6573962654232268,254,0.16399904297907955,0.11936171471245893
173,True,28,-899.3495396089716,2045.8457820598085,1.3531364455643378,127,1.4415249162143327,0.9112791101551139,402,-0.6515611690265004,-0.5043412100864385,268,0.7745583783480476,0.34908989089440406,73,-1.8741552508915185,-1.1789726135590268,36,0.33110096282782836,1.3977250379728021,260,0.17362092905875376,0.17933464316517142
174,True,46,-980.8748595243079,2208.896421890481,3.8479381787713782,330,0.9088336659357894,0.2796335240740877,340,-0.650504796918996,-0.6492111855261753,245,0.18794977389506273,0.08955585330817642,57,-1.9572069744874525,-1.6194925084927168,124,0.8773451211617664,1.554308639132321,70,-1.0142339873455783,0.5154976464059311
175,True,40,-1059.9012793081529,2366.949261458171,4.330349683268616,348,0.9143957084594597,0.28919063796634087,164,-1.2449800371465427,-1.0132322444212585,252,0.16545984781556153,0.10562823305087952,34,-2.4353850343345096,-0.9449139221811059,108,0.8286740206416735,1.6282411670338834,260,-0.42249690285488717,-0.26245940791932587
176,True,24,-1447.9597742203146,3143.0662512824942,1.3868979485882655,131,1.4179310564670198,0.9494513404847926,271,-0.6370780151363518,-0.4008555351860335,133,0.9859196606372459,0.497376898526694,135,-1.2727227748199175,-1.119645478734562,76,0.20526579933134242,1.3894642513428788,420,0.21751075776615308,0.09939475551002301
177,True,46,-1077.3263384223046,2401.7993796864744,4.176680551700738,377,0.8802845749292478,0.26162950538258894,173,-0.7971890090505857,-0.08060398950854372,56,-0.6788058097257971,-1.4409312398596639,206,-1.0529199074675397,-0.8695941048677738,102,0.9700541596838687,1.6817147454582169,252,0.10884107335115992,0.07723355477373516
178,True,41,-1873.9591448674778,3995.0649925768207,1.1210337256564609,128,1.4434730295536427,0.7451315953211014,129,-0.5781319839310435,-0.43529581645714616,258,0.5753436989449344,0.21186144485071215,176,-1.1625328891559004,-1.099563522556987,55,0.7628122092078174,1.6277383079688075,420,0.03617720325367607,0.17363795822656122
179,True,54,-1028.7138403277731,2304.5743834974114,3.3524092183186376,222,1.1315811015458037,1.0112013776134592,142,-0.7377578424630056,-0.40245180070119163,199,0.7959621261490063,-0.04709675273510322,100,-1.7555414419354283,-1.235064760888755,248,-0.5494414368106848,-0.22693450234125803,255,0.14297622704879062,0.15005406185479167
180,True,28,-2108.8712112681014,4464.8891253780685,2.2319205986374127,126,1.4457381504602622,0.9607115266413004,297,-0.6723550710628925,-0.43603205577486676,396,0.4271532384977549,-0.040934459954476796,70,-2.0303394168723203,-1.878597754015955,135,0.2690754630884682,1.2365355374500886,142,0.10860276258464686,0.22207374817845496
181,True,58,-198.27322366712917,643.6931501761237,3.3866866563492337,360,0.9152812537105228,0.34463799051452043,187,-0.9919099234330399,-0.7118359365506274,175,-0.3132604010340504,-0.18383560678369715,101,-2.0073767053676943,-1.3908178941692486,95,0.9514011378032721,1.6508716256348548,248,0.12948096576074059,0.1283755102319503
182,True,39,-1103.3810466136683,2453.908796069202,3.53771519109496,101,1.0674141723165933,1.6256798197596376,283,-0.545612360855546,-0.2603562610033693,346,0.9261632767746907,0.2845860936635853,163,-1.4343370782152618,-1.3796673425637813,25,-1.2955703179541895,0.6744019201445807,248,0.1450298161639969,0.19514134109400638
183,True,27,-1478.5510201696172,3204.2487431810996,1.0177258565100598,135,1.4187781870615301,0.8690595607104985,349,-0.6084784662391057,-0.25854144280474195,128,0.9903152587751438,0.45047153983236216,140,-1.2412422455787524,-1.276701761702937,56,0.4357526187602391,1.5521495956519211,358,0.24470855101260186,0.17166840094187852
184,True,38,85.34261015699998,76.46148252786534,2.0499705070973957,163,1.1988229690932783,0.40392154646159534,250,-0.47348123627164146,-0.1627755722324578,186,0.5874824987874968,0.4879968280466188,201,-1.4543224335408949,-1.0955646146793176,70,1.4719300050318123,1.5832564735543473,296,0.14525874566534003,0.10698764081302534
185,True,45,-784.9794742148354,1817.105651271536,1.7146429224493651,129,1.470005348533772,0.839715954895288,255,-0.6249807212810247,-0.2953173661301983,304,0.7568964625892105,0.41058147927735406,167,-1.4791449269185353,-1.261697840679927,33,-0.48741194847018304,1.2233692709381143,278,0.12179383590368965,0.15459611008750257
186,True,55,-1191.6678936474098,2630.4824901366846,3.040574806893681,367,0.8997863375401141,0.29185142388079177,84,-1.3167203842738626,-0.6369752595785999,245,0.16252087026827644,0.10066396330976835,121,-1.412855926024852,-1.2925835932007388,95,0.9214984451549396,1.6356290933152984,254,-0.42999810392255466,-0.10468369511052474
187,True,47,-1045.8359787510567,2338.8186603439785,3.9602882195352933,49,1.432613568055727,1.5966060703010194,346,-0.7283588909718546,-0.6679205753095939,384,0.9045023711704416,0.40008703638324333,62,-2.308618617900554,-1.9500430805401991,71,-0.511653073736764,0.9077908883277618,254,0.17759672331269402,0.25114193612382035
188,True,47,-777.4042395859635,1801.9551820137924,0.9874895033753097,128,1.4944322448294605,1.0148524320272267,298,-0.6564315096350242,-0.2656670443363066,290,0.7635780124140674,0.3579880693296539,146,-1.4031081603252555,-1.318348259367065,20,0.1186483138853354,1.5029281836094843,284,0.13944935410539303,0.161184844907541
189,True,54,-1072.7477691179702,2392.6422410778055,3.2817651066150773,379,0.8566980898872698,0.2919624463451549,130,-1.4173000014828938,-0.8883000292669229,246,0.11219098686474206,0.056685988187714684,84,-1.3709137871184138,-1.2926926576863031,107,0.861814427305659,1.6009537131115752,220,-0.42414625736224093,-0.16174902409670797
190,True,57,-1540.2379641894631,3327.6226312207914,4.253208128472913,59,1.4362776107688289,1.5880403019729807,30,-1.2952380788920517,-0.28954820010329796,238,-0.23843328409117417,-0.3267267729114833,118,-1.096421143608985,-1.5503867017573085,531,0.45824674348308697,0.4426514303041709,190,-0.1284752393485762,-0.09780469953965519
191,True,43,-1041.5884716303167,2330.3236461024985,3.4634570740549253,186,0.42002322594547153,0.8142981981158665,251,-0.154394574550841,-0.4198531828048874,170,1.0342655785225863,0.24557123058490257,211,-0.717030353536203,-1.0440134474895515,122,0.1585750796061193,1.2966751605854896,226,-0.09373584803208017,0.09547754708139451
192,True,24,-2270.718540971354,4788.583784784573,1.5725681987455842,115,1.4745419326562246,0.9157505504302815,196,-0.6527963842261205,-0.5908819013569528,379,0.36800452859262595,0.474857609125184,126,-1.3920914197791365,-1.3122930805637874,117,0.4734383910316043,1.4593868296623291,233,0.07382603920713947,-0.28600776216376755
193,True,37,-1225.7418615093102,2698.6304258604855,0.47026028686852456,126,1.4926243239233372,0.8307927235364495,336,-0.6666171622825718,-0.208498601238403,274,0.7708171980493582,0.25791203255233053,160,-1.3058419327232267,-1.1836465252272088,63,0.6693227692083723,1.4877180893560975,207,0.14173172752389784,0.22042139161396843
194,True,33,-2151.743886607541,4550.634476056947,1.4175105293613184,130,1.3991255069522932,0.8765711203741756,443,-0.3792794313178878,-0.39583861627634326,217,0.8240669302657917,0.4598836232447973,100,-1.372253040715485,-1.3328767597689646,101,0.17550722098024268,1.1914701770289793,175,0.16075347000195267,0.2382407856450928
195,True,49,-234.05541812934814,715.2575391005616,2.9065777110698128,287,0.921142401064518,0.34076621924474837,218,-0.7339700439457664,-0.06507438018648214,192,-0.33146441571706464,-0.40139651206123417,98,-1.38099951154938,-1.6907517256184477,103,0.830251737580226,1.6327198915536056,268,0.12135284614510057,0.06254852827896946
196,True,33,-2148.0818539827474,4543.31041080736,2.7729165172766317,129,1.4333419653102204,0.9204105990149689,82,-1.2960143778860165,-1.1364514941315627,569,0.29558128236158926,0.23807734103535014,85,-1.137800341932818,-1.3249823540955277,97,0.553336816204799,1.467481867674613,204,-0.4709930937227088,-0.33384454814422104
197,True,41,-1021.3077702506071,2289.7622433430793,3.74818295803793,336,0.9413473073835359,0.3438470965721698,21,-1.3864393545475235,-0.5203678959189386,242,0.1830654457359443,0.061897079188516724,84,-1.872096636117277,-1.7152496728385607,115,0.8238480070329702,1.5603811745441591,368,-0.6138491754284613,-0.3423928068102375
198,True,41,-809.7213660455542,1866.5894349329737,0.7553959521177604,126,1.4920026463442473,0.9048296033356548,205,-0.46497159949760136,-0.17724762285635906,279,0.7574886914524838,0.28716672951379035,245,-1.4117729818758324,-0.9229683366631392,33,0.758749979772032,1.4768280881844191,278,0.10507060889748222,0.09935918520131211
199,True,28,-1441.914256502771,3130.975215847407,1.66180821502024,122,1.388613991571171,0.8121445731230829,382,-0.6307984785184084,-0.5048768876529371,140,0.9698028394314971,0.43978537066493834,68,-1.6409978625057138,-1.4265280655988912,94,0.18786590938849987,1.4660579341435611,360,0.27147638801522145,0.20990048097692354
