predictor,comparison,coefficient,SE,OR,CI_lower,CI_upper,raw_p,FDR_p,FDR_significant
const,Profile_0,28.794230912175703,2.0324148304555343,3200188762179.8657,59586676923.874886,171870771156881.6,1.455982580513961e-45,1.2230253676317273e-43,True
ATT,Profile_0,-0.6833537973842967,0.2499002300080072,0.5049207476422521,0.3093882716860961,0.8240291721797289,0.0062473866390376,0.0218658532366318,True
CON,Profile_0,-0.1210709957270297,0.2744477973829106,0.8859710572006682,0.5173743017075597,1.517169893453563,0.6591087603615178,0.7926428495855814,False
SNO,Profile_0,-1.6368618813045406,0.2858111742443232,0.1945897308253048,0.111130312160293,0.3407275891392111,1.0217731897748424e-08,8.582894794108677e-08,True
COVID,Profile_0,-0.4938610534050505,0.2860395725270732,0.6102655715231895,0.3483670493447599,1.0690565266922163,0.084248870745122,0.200478919030169,False
PU,Profile_0,-1.5660729323873035,0.3027733459375651,0.2088637961784997,0.1153817952954371,0.378084647083135,2.310731826360014e-07,1.2940098227616078e-06,True
PEU,Profile_0,-0.6286463043806364,0.2060503587242097,0.5333132564001601,0.3561137746482513,0.7986858405942868,0.0022812975954313,0.0087104090007379,True
PO,Profile_0,-0.1236255623628796,0.2243867624939732,0.883710673477273,0.5692568066695197,1.371866871450569,0.58166894173283,0.7403059258417836,False
PRI,Profile_0,-2.17404702443802,0.2849444049562333,0.1137164710685727,0.0650539692035246,0.1987801198084145,2.352577282998829e-14,3.952329835438033e-13,True
age,Profile_0,-0.0155142948336674,0.0236498988185821,0.9846054318802574,0.9400068687930948,1.0313199708134193,0.5118251795764686,0.7048084440069403,False
gender,Profile_0,-0.419318846499988,0.2919445786465374,0.657494522015696,0.3710085315129965,1.165199745455193,0.1509181162213459,0.3192897306357007,False
Education,Profile_0,-0.3269061769718409,0.1973010246686093,0.7211514004607971,0.4898695316244917,1.0616282679634363,0.0975416322432075,0.2214458677953901,False
Occupation,Profile_0,-0.1046146637055881,0.0808355279909694,0.9006715171520736,0.7687016942621454,1.0552977674749036,0.1956077814277023,0.3571968182592824,False
income,Profile_0,0.0046953776363724,0.1623250117817278,1.0047064181950474,0.7309124122784119,1.3810614921912383,0.9769237844743444,0.9905612395197668,False
const,Profile_1,-22.040855071346087,2.463810159318442,2.6778007945387993e-10,2.1406256204599488e-12,3.349776358227413e-08,3.6912661508309183e-19,7.751658916744928e-18,True
ATT,Profile_1,0.0428658286231869,0.2593235143251356,1.0437978376619963,0.6278787154348402,1.7352299084598073,0.8687089159092679,0.960151959689191,False
CON,Profile_1,-0.0137952806859162,0.2870425814447623,0.986299438140826,0.5619183410223141,1.731188520928309,0.9616683852357452,0.9905612395197668,False
SNO,Profile_1,0.7560072571955065,0.3431489419900254,2.129755655036192,1.0870149167381042,4.172766242959909,0.0275844520501738,0.0772364657404867,False
COVID,Profile_1,-0.0700775476998692,0.3045513438698781,0.9323215177133128,0.5132469417567703,1.693577382879338,0.8180133416270675,0.9285556850901848,False
PU,Profile_1,1.796112011023175,0.329165592626752,6.026172167178008,3.1611865558434817,11.487696264348193,4.854455878908146e-08,3.12380573543984e-07,True
PEU,Profile_1,0.115792945244833,0.1913585687147631,1.1227633745685903,0.7716147751352181,1.6337136559518852,0.5451060431052063,0.7268080574736084,False
PO,Profile_1,0.0966880688650735,0.2187116465277388,1.1015167226646394,0.7174968236482109,1.691072420558546,0.6584312364914541,0.7926428495855814,False
PRI,Profile_1,2.005367174066611,0.3323150410530373,7.428821066495295,3.8730011350604423,14.24925542582962,1.5941980553962403e-09,1.4879181850364912e-08,True
age,Profile_1,0.0134856282326828,0.0180857879591487,1.0135769694531669,0.978276903931812,1.05015079971414,0.4558801921366998,0.6490497650759794,False
gender,Profile_1,-0.291084798814776,0.2798998694048354,0.7474522922621251,0.4318450037004198,1.2937163204867757,0.2983582679751311,0.4914136178413924,False
Education,Profile_1,-0.0898905863312093,0.1942700890859183,0.914031187305926,0.6245899272779116,1.3376024410271112,0.6435727165662517,0.7926428495855814,False
Occupation,Profile_1,0.0311402222709783,0.0756783813250474,1.031630151267514,0.889416717123327,1.1965828261542144,0.6807198099327031,0.8053586483710854,False
income,Profile_1,-0.0181089454718368,0.1622055894670047,0.9820540361896906,0.7146003091114885,1.3496077705250422,0.9111073225003226,0.9905612395197668,False
const,Profile_2,17.539693097178095,1.533925642431774,41437345.49094501,2049689.4216682508,837714037.6410898,2.8110867382768506e-30,7.87104286717518e-29,True
ATT,Profile_2,-0.4382146378236687,0.1807173415872515,0.6451872863995256,0.4527475347304123,0.91942330460054,0.015314201375431,0.0443583763978002,True
CON,Profile_2,0.246585157308395,0.1947409139377034,1.2796481499700234,0.8736223993754275,1.8743788951524012,0.205433745949323,0.3609285368897345,False
SNO,Profile_2,-1.123894382338931,0.2064420529624839,0.3250116073591506,0.2168562025528344,0.4871087092491282,5.206342892399734e-08,3.12380573543984e-07,True
COVID,Profile_2,-0.2746749561102607,0.2027817965422771,0.7598190576325251,0.5106211887269657,1.1306326746465665,0.175565888046671,0.3429659208353574,False
PU,Profile_2,-0.9874562656496124,0.2092700606083806,0.3725230865939535,0.2471831832980977,0.5614194630632632,2.3750358317284964e-06,1.1735471168540804e-05,True
PEU,Profile_2,-0.5426807637930882,0.1396446340324374,0.5811881340472168,0.442027029306654,0.7641606163476322,0.0001018442795852,0.0004502589202717,True
PO,Profile_2,0.1373810713821449,0.1533838766617385,1.147265255187169,0.8493776901463455,1.5496257801790143,0.3704299619966943,0.5556449429950414,False
PRI,Profile_2,-1.368939420932119,0.2086545720566615,0.2543766030389482,0.1689922569177931,0.3829018994941989,5.3522436515835256e-11,7.493141112216935e-10,True
age,Profile_2,-0.0003185990343899,0.0154547494110941,0.9996814517128928,0.969853831630529,1.0304264130386092,0.9835528069850424,0.9905612395197668,False
gender,Profile_2,-0.0190374532046924,0.1997786958346678,0.9811426146194744,0.6632497273536646,1.451400265271469,0.9240823333660771,0.9905612395197668,False
Education,Profile_2,-0.1573942413040526,0.1467861837620741,0.8543671655879344,0.6407632971487204,1.1391776914858809,0.283599327871684,0.4764468708244292,False
Occupation,Profile_2,-0.056002336234972,0.0575483855467546,0.94553692689138,0.8446802108891579,1.0584361615078894,0.3304863139273238,0.5338625071133694,False
income,Profile_2,0.0488557414866136,0.11124469830161,1.050068858440792,0.8443536401859892,1.305903776555359,0.6605357079879846,0.7926428495855814,False
const,Profile_3,7.447682827626633,1.3525282490524135,1715.8825396653615,121.1134197042978,24309.8815731315,3.660594391965427e-08,2.562416074375799e-07,True
ATT,Profile_3,-0.2979756220592747,0.1697409243641019,0.7423194357464058,0.5322362369357736,1.035326245088715,0.0791784226176229,0.200478919030169,False
CON,Profile_3,0.1573258693659775,0.1833816200858266,1.170376941757971,0.8170115019049137,1.6765763794083777,0.3909393201929266,0.5761211034422077,False
SNO,Profile_3,-0.6451116648926943,0.1940628742371579,0.5246039589910273,0.3586261139925012,0.7673989791909409,0.000886597039501,0.0037237075659044,True
COVID,Profile_3,-0.180585545340881,0.1935838510039067,0.8347812659944289,0.5712034127292607,1.2199852916242284,0.3508951540011186,0.539579500343316,False
PU,Profile_3,-0.2418994411342539,0.1913824048687632,0.7851351258800017,0.5395558625098734,1.1424899787449272,0.2062448782227054,0.3609285368897345,False
PEU,Profile_3,-0.161035565660459,0.129735667495139,0.8512617948807988,0.6601306731413394,1.097732120180585,0.2145100833372808,0.3677315714353386,False
PO,Profile_3,0.0101638139146778,0.1420499629889414,1.0102156409091467,0.7647134323704129,1.3345334316595991,0.9429592531380108,0.9905612395197668,False
PRI,Profile_3,-0.7768789585294317,0.1909307737771414,0.4598389504449287,0.3162876245421449,0.6685429461629723,4.723483527303175e-05,0.0002204292312741,True
age,Profile_3,0.0253756618906023,0.013315289874586,1.0257003646973148,0.9992779545367864,1.052821423072308,0.0566821788277456,0.1487907194228322,False
gender,Profile_3,-0.2658517384878763,0.1861761705757154,0.7665527693491612,0.5321887641111804,1.1041254303409362,0.1533039689407669,0.3192897306357007,False
Education,Profile_3,-0.001656615569255,0.1400350351940854,0.9983447558609015,0.7587178691799309,1.3136533249602382,0.9905612395197668,0.9905612395197668,False
Occupation,Profile_3,-0.0499995616299673,0.0530856740080913,0.9512298414912792,0.8572313163998059,1.0555356460186938,0.3462615368012585,0.539579500343316,False
income,Profile_3,0.2256922394433236,0.1072014908449616,1.2531899234947026,1.0156992762366932,1.5462105970652291,0.0352644387111836,0.0955552532819169,False
const,Profile_4,31.314986777435387,2.431827827927788,39803930412873.96,338775754636.29193,4676700899135674.0,6.053776292890741e-38,2.542586043014111e-36,True
ATT,Profile_4,-0.890253535838078,0.3296807381175922,0.4105516499993569,0.2151482867994218,0.7834255146745951,0.0069266466292507,0.0232735326742824,True
CON,Profile_4,-0.229560602724736,0.3776519543003558,0.7948827951149025,0.3791746230589994,1.666352702805657,0.5432784239572155,0.7268080574736084,False
SNO,Profile_4,-2.4597710108959348,0.386855461384214,0.085454516880304,0.0400347394630182,0.1824034464366069,2.03902925559824e-10,2.446835106717888e-09,True
COVID,Profile_4,-0.2646513015346299,0.379366210530361,0.7674735201611804,0.3648718531979235,1.6143081440405993,0.4854184227820607,0.679585791894885,False
PU,Profile_4,-2.597891807382811,0.4192424495967599,0.0744303263931989,0.0327252931712924,0.1692841514971626,5.768360594990586e-10,6.056778624740115e-09,True
PEU,Profile_4,-0.9191940558842158,0.2863092990859071,0.39884035462369,0.2275556893733631,0.6990536203001716,0.0013250740671253,0.0053002962685013,True
PO,Profile_4,0.5341461707603273,0.3078512006383024,1.705990995228338,0.9331006720668378,3.119068888197847,0.0827268033395497,0.200478919030169,False
PRI,Profile_4,-2.079511933766633,0.3741767923305999,0.1249912012988334,0.0600307440754874,0.2602466559881407,2.7356375121622226e-08,2.089032282014788e-07,True
age,Profile_4,-0.063549638424103,0.0407182008630447,0.9384275360804888,0.8664444224888663,1.0163909162741631,0.1185902477685599,0.2621468634883955,False
gender,Profile_4,-0.0701340043487015,0.4008177753343785,0.9322688834505796,0.4249699391359698,2.045145293846565,0.861097485607393,0.960151959689191,False
Education,Profile_4,0.1124277185808528,0.2848855320232285,1.118991371705207,0.6402171110216043,1.955807910151977,0.6931073135756807,0.8086251991716275,False
Occupation,Profile_4,-0.007702649856355,0.1116383181533628,0.9923269395300814,0.7973083765070955,1.235046293168318,0.9449924294293892,0.9905612395197668,False
income,Profile_4,0.1383708614895983,0.2350818108013645,1.148401369151807,0.72441598427373,1.820536450464916,0.5561247598692096,0.7299137473283376,False
const,Profile_5,-10.72718907700502,2.2071765105569288,2.1940219974003744e-05,2.900376665640376e-07,0.0016596921986385,1.1730217091987088e-06,6.158363973293221e-06,True
ATT,Profile_5,-0.2428255656511079,0.2616048965163121,0.7844083295947584,0.4697422387914265,1.3098596990568716,0.3532961014152664,0.539579500343316,False
CON,Profile_5,0.5178366774824715,0.3015365360376966,1.6783928144871925,0.92943822624585,3.0308656994887806,0.0859195367272153,0.200478919030169,False
SNO,Profile_5,0.8515432690629536,0.3483805926440128,2.343260344108971,1.1837854443287876,4.638398847172044,0.0145137467225724,0.0443583763978002,True
COVID,Profile_5,0.4243577719930583,0.320218322514586,1.5286083892341975,0.8160577616923941,2.8633311480198205,0.1851002164177498,0.3466733516313495,False
PU,Profile_5,0.7252467159113224,0.2980536323429003,2.0652405648254097,1.1514955739195976,3.704068593231252,0.0149628952129772,0.0443583763978002,True
PEU,Profile_5,-0.5088036124694826,0.181081521172037,0.6012144341639332,0.4215894128244855,0.8573716152533923,0.0049571653120606,0.0181044298353517,True
PO,Profile_5,-0.2730688013177387,0.2063460845459049,0.7610404252435452,0.5078814996463233,1.1403891050534525,0.1857178669453658,0.3466733516313495,False
PRI,Profile_5,0.4112532271282338,0.2935886982244423,1.5087073538205351,0.8485887347589267,2.6823333686120647,0.1612798197493971,0.3225596394987942,False
age,Profile_5,0.0053110966563742,0.0187888111061549,1.005325225532422,0.9689764477525432,1.043037538668764,0.7774272274891064,0.8945737960148622,False
gender,Profile_5,-0.4139054239771236,0.2916491735375576,0.6610634690632964,0.3732384437811467,1.170846458641445,0.1558437970959967,0.3192897306357007,False
Education,Profile_5,-0.1122779747547222,0.1954502527795939,0.8937957703053514,0.609351214746468,1.311018768294606,0.5656578675435151,0.7310040134408502,False
Occupation,Profile_5,0.1862335510905792,0.0752334955348098,1.204703587360892,1.0395374970279985,1.3961119608955417,0.0133084270613691,0.042996456659808,True
income,Profile_5,0.1410743960054254,0.1716984654541259,1.1515103125656143,0.8224606854872861,1.6122059368215924,0.4112815884054549,0.5956491970010036,False
