construct,profile_1,profile_2,cohens_d,abs_cohens_d
INT,0,1,9.750214205453723,9.750214205453723
INT,0,2,-0.42515208697201656,0.42515208697201656
INT,0,3,5.739058203638525,5.739058203638525
INT,0,4,3.9092992656470864,3.9092992656470864
INT,0,5,8.597572591917876,8.597572591917876
INT,0,6,-3.634005033702385,3.634005033702385
INT,1,2,-4.839611411998663,4.839611411998663
INT,1,3,-3.8752786293324877,3.8752786293324877
INT,1,4,-12.26556942021635,12.26556942021635
INT,1,5,2.3354615097544413,2.3354615097544413
INT,1,6,-17.05958661655457,17.05958661655457
INT,2,3,3.6006666043241338,3.6006666043241338
INT,2,4,2.2025693980787038,2.2025693980787038
INT,2,5,4.953874275781103,4.953874275781103
INT,2,6,-1.0813723499156398,1.0813723499156398
INT,3,4,-3.9995918159758763,3.9995918159758763
INT,3,5,5.0547127697702186,5.0547127697702186
INT,3,6,-10.081084519216422,10.081084519216422
INT,4,5,7.726989345411497,7.726989345411497
INT,4,6,,
INT,5,6,-7.936429070041952,7.936429070041952
BE,0,1,2.1064757455244822,2.1064757455244822
BE,0,2,-2.337183084015156,2.337183084015156
BE,0,3,0.8058338962796954,0.8058338962796954
BE,0,4,0.3783640215293241,0.3783640215293241
BE,0,5,1.9843387677003452,1.9843387677003452
BE,0,6,-0.16401653817929066,0.16401653817929066
BE,1,2,-5.833645009450038,5.833645009450038
BE,1,3,-1.206170596800982,1.206170596800982
BE,1,4,-1.8815675560788612,1.8815675560788612
BE,1,5,0.3360684679327258,0.3360684679327258
BE,1,6,-2.3019590005176767,2.3019590005176767
BE,2,3,3.137335336668721,3.137335336668721
BE,2,4,3.159708183517118,3.159708183517118
BE,2,5,3.4616489567413864,3.4616489567413864
BE,2,6,2.8470350446941635,2.8470350446941635
BE,3,4,-0.47908983711096215,0.47908983711096215
BE,3,5,1.287879921001418,1.287879921001418
BE,3,6,-0.9450819542253813,0.9450819542253813
BE,4,5,1.750139681340437,1.750139681340437
BE,4,6,-0.5699549850387191,0.5699549850387191
BE,5,6,-1.6684594282053948,1.6684594282053948
ATT,0,1,1.4451542207367365,1.4451542207367365
ATT,0,2,-0.32681251339667877,0.32681251339667877
ATT,0,3,0.5814802008593307,0.5814802008593307
ATT,0,4,0.3425457863632764,0.3425457863632764
ATT,0,5,1.881619698109058,1.881619698109058
ATT,0,6,-0.09682053021951396,0.09682053021951396
ATT,1,2,-1.6359111427334694,1.6359111427334694
ATT,1,3,-0.863514331149033,0.863514331149033
ATT,1,4,-1.2239701009240087,1.2239701009240087
ATT,1,5,0.5133583100196731,0.5133583100196731
ATT,1,6,-1.5834373216387596,1.5834373216387596
ATT,2,3,0.8757217923132092,0.8757217923132092
ATT,2,4,0.6842049813044786,0.6842049813044786
ATT,2,5,1.872622025953558,1.872622025953558
ATT,2,6,0.23378152877329747,0.23378152877329747
ATT,3,4,-0.2762175198962252,0.2762175198962252
ATT,3,5,1.3413020519069896,1.3413020519069896
ATT,3,6,-0.69101890447585,0.69101890447585
ATT,4,5,1.7063701358693586,1.7063701358693586
ATT,4,6,-0.4780596427439265,0.4780596427439265
ATT,5,6,-1.8124660990031651,1.8124660990031651
CON,0,1,1.3999928159049086,1.3999928159049086
CON,0,2,-0.4059457345635995,0.4059457345635995
CON,0,3,0.49683160501516793,0.49683160501516793
CON,0,4,0.22780787613610665,0.22780787613610665
CON,0,5,2.276041375484829,2.276041375484829
CON,0,6,-0.4281170423205862,0.4281170423205862
CON,1,2,-1.6863818162559516,1.6863818162559516
CON,1,3,-0.9454279641424401,0.9454279641424401
CON,1,4,-1.2653166333196075,1.2653166333196075
CON,1,5,0.7762571341404056,0.7762571341404056
CON,1,6,-1.687263516855914,1.687263516855914
CON,2,3,0.9056499397617348,0.9056499397617348
CON,2,4,0.6697135117624657,0.6697135117624657
CON,2,5,2.4086921987640095,2.4086921987640095
CON,2,6,-0.019261791897581152,0.019261791897581152
CON,3,4,-0.2935804767745417,0.2935804767745417
CON,3,5,1.8392824703148225,1.8392824703148225
CON,3,6,-0.9327833185999438,0.9327833185999438
CON,4,5,2.2008920437187176,2.2008920437187176
CON,4,6,-0.7029293413580762,0.7029293413580762
CON,5,6,-2.358433301567845,2.358433301567845
SNO,0,1,1.8936624008878522,1.8936624008878522
SNO,0,2,-0.6769419513794064,0.6769419513794064
SNO,0,3,0.9837233920882887,0.9837233920882887
SNO,0,4,0.45718988621733386,0.45718988621733386
SNO,0,5,2.847344376651505,2.847344376651505
SNO,0,6,-0.5487616013283594,0.5487616013283594
SNO,1,2,-2.4895674635553537,2.4895674635553537
SNO,1,3,-1.0754345076050333,1.0754345076050333
SNO,1,4,-1.4713972080255604,1.4713972080255604
SNO,1,5,0.8920723843443292,0.8920723843443292
SNO,1,6,-2.364907358215114,2.364907358215114
SNO,2,3,1.7744488578891915,1.7744488578891915
SNO,2,4,1.1595459954431762,1.1595459954431762
SNO,2,5,3.2244796323142757,3.2244796323142757
SNO,2,6,0.1524943373063541,0.1524943373063541
SNO,3,4,-0.5127675629466262,0.5127675629466262
SNO,3,5,2.1343855475813247,2.1343855475813247
SNO,3,6,-1.666012646184119,1.666012646184119
SNO,4,5,2.4353119017199893,2.4353119017199893
SNO,4,6,-1.0378619673876934,1.0378619673876934
SNO,5,6,-3.0355768588226466,3.0355768588226466
COVID,0,1,1.6161343221345392,1.6161343221345392
COVID,0,2,-0.5080761837694616,0.5080761837694616
COVID,0,3,0.714706626891264,0.714706626891264
COVID,0,4,0.34166407971205615,0.34166407971205615
COVID,0,5,2.3829893842810654,2.3829893842810654
COVID,0,6,-0.5355614462523282,0.5355614462523282
COVID,1,2,-1.9461778871477453,1.9461778871477453
COVID,1,3,-0.9178730376325999,0.9178730376325999
COVID,1,4,-1.314393847048817,1.314393847048817
COVID,1,5,0.6980360712652971,0.6980360712652971
COVID,1,6,-1.9614597742077533,1.9614597742077533
COVID,2,3,1.1929163507332337,1.1929163507332337
COVID,2,4,0.8585107992828264,0.8585107992828264
COVID,2,5,2.486853027077461,2.486853027077461
COVID,2,6,-0.017692601225203143,0.017692601225203143
COVID,3,4,-0.38895983584343513,0.38895983584343513
COVID,3,5,1.6931407152823905,1.6931407152823905
COVID,3,6,-1.2275185219216236,1.2275185219216236
COVID,4,5,2.0890443796752787,2.0890443796752787
COVID,4,6,-0.8974616203531638,0.8974616203531638
COVID,5,6,-2.4351440178794346,2.4351440178794346
PU,0,1,1.6881467171080315,1.6881467171080315
PU,0,2,-1.0450357978575575,1.0450357978575575
PU,0,3,0.7840680356591502,0.7840680356591502
PU,0,4,0.3216908385597809,0.3216908385597809
PU,0,5,2.566368700675004,2.566368700675004
PU,0,6,-0.39619100988601147,0.39619100988601147
PU,1,2,-2.780847821053246,2.780847821053246
PU,1,3,-0.9312174071872009,0.9312174071872009
PU,1,4,-1.5222746934190365,1.5222746934190365
PU,1,5,0.8949456236921144,0.8949456236921144
PU,1,6,-2.0308437199718985,2.0308437199718985
PU,2,3,1.8750700377078129,1.8750700377078129
PU,2,4,1.5442257023066988,1.5442257023066988
PU,2,5,3.3179757138364634,3.3179757138364634
PU,2,6,0.7153253292541842,0.7153253292541842
PU,3,4,-0.517892099191939,0.517892099191939
PU,3,5,1.8675274105277793,1.8675274105277793
PU,3,6,-1.1928483892884834,1.1928483892884834
PU,4,5,2.4692720998104885,2.4692720998104885
PU,4,6,-0.7944866256089795,0.7944866256089795
PU,5,6,-2.549600709376771,2.549600709376771
PEU,0,1,1.2481842612263079,1.2481842612263079
PEU,0,2,-0.4515258289675779,0.4515258289675779
PEU,0,3,0.6435532584142639,0.6435532584142639
PEU,0,4,0.26968427417684465,0.26968427417684465
PEU,0,5,1.8996914522580612,1.8996914522580612
PEU,0,6,0.2669337725415787,0.2669337725415787
PEU,1,2,-1.5944461734994901,1.5944461734994901
PEU,1,3,-0.5361394491403425,0.5361394491403425
PEU,1,4,-1.0835756286704255,1.0835756286704255
PEU,1,5,0.6945408127394721,0.6945408127394721
PEU,1,6,-0.8798860105591926,0.8798860105591926
PEU,2,3,1.0265989704735505,1.0265989704735505
PEU,2,4,0.7494376131484102,0.7494376131484102
PEU,2,5,2.0494535938875433,2.0494535938875433
PEU,2,6,0.6296439405917948,0.6296439405917948
PEU,3,4,-0.4225667798136642,0.4225667798136642
PEU,3,5,1.179193795396537,1.179193795396537
PEU,3,6,-0.34724708270066335,0.34724708270066335
PEU,4,5,1.8022366033492814,1.8022366033492814
PEU,4,6,0.028412347527330226,0.028412347527330226
PEU,5,6,-1.3683699333686488,1.3683699333686488
PO,0,1,1.54211111303265,1.54211111303265
PO,0,2,-0.5536289428490708,0.5536289428490708
PO,0,3,0.5757559877270632,0.5757559877270632
PO,0,4,0.28738758679599247,0.28738758679599247
PO,0,5,1.7524202113807852,1.7524202113807852
PO,0,6,-0.0007703324874402792,0.0007703324874402792
PO,1,2,-2.185118693847432,2.185118693847432
PO,1,3,-0.9607254643504756,0.9607254643504756
PO,1,4,-1.3192834483798828,1.3192834483798828
PO,1,5,0.3665462767753818,0.3665462767753818
PO,1,6,-1.4091995708642668,1.4091995708642668
PO,2,3,1.140601162717804,1.140601162717804
PO,2,4,0.8775602623232057,0.8775602623232057
PO,2,5,2.122783994580254,2.122783994580254
PO,2,6,0.4974891247507781,0.4974891247507781
PO,3,4,-0.30569764186973947,0.30569764186973947
PO,3,5,1.229386257796641,1.229386257796641
PO,3,6,-0.5412840799751637,0.5412840799751637
PO,4,5,1.5473480028025282,1.5473480028025282
PO,4,6,-0.27311568544857,0.27311568544857
PO,5,6,-1.4204125268329866,1.4204125268329866
PRI,0,1,1.8504995932444035,1.8504995932444035
PRI,0,2,-0.9963932426612168,0.9963932426612168
PRI,0,3,0.8819906664381081,0.8819906664381081
PRI,0,4,0.494231760515839,0.494231760515839
PRI,0,5,2.163739563015001,2.163739563015001
PRI,0,6,-0.29768001169729186,0.29768001169729186
PRI,1,2,-2.729442703022325,2.729442703022325
PRI,1,3,-1.0373635534772205,1.0373635534772205
PRI,1,4,-1.4864885504209884,1.4864885504209884
PRI,1,5,0.5010052616197702,0.5010052616197702
PRI,1,6,-2.140666524238602,2.140666524238602
PRI,2,3,1.9035564801154832,1.9035564801154832
PRI,2,4,1.5648724507420502,1.5648724507420502
PRI,2,5,2.6155474043637765,2.6155474043637765
PRI,2,6,0.7055827215577891,0.7055827215577891
PRI,3,4,-0.4235604125694252,0.4235604125694252
PRI,3,5,1.4640068570408362,1.4640068570408362
PRI,3,6,-1.2170169908407689,1.2170169908407689
PRI,4,5,1.8424986182700258,1.8424986182700258
PRI,4,6,-0.8449539115713,0.8449539115713
PRI,5,6,-2.0580140556983433,2.0580140556983433
